RANK2015;RANK2014;INSTITUTION;COUNTRY;SIZE;FOCUS;RESEARCH;AGE;STATUS;AR SCORE;AR RANK;ER SCORE;ER RANK;FS SCORE;FS RANK;CPF SCORE;CPF RANK;IF SCORE;IF RANK;IS SCORE;IS RANK;OVERALL SCORE
1;1;MASSACHUSETTS INSTITUTE OF TECHNOLOGY (MIT) ;US;M;CO;VH;5;B;100;6;100;4;100;15;100;9;100;31;95,5;62;100
2;4;HARVARD UNIVERSITY;US;L;FC;VH;5;B;100;1;100;3;98,6;40;100;8;99,9;44;76;155;98,7
  3=;  2=;UNIVERSITY OF CAMBRIDGE;UK;L;FC;VH;5;A;100;2;100;2;100;16;93,7;42;96,2;80;96,6;54;98,6
  3=;7;STANFORD UNIVERSITY;US;L;FC;VH;5;A;100;5;100;6;99,5;32;99,9;12;97,6;66;72,8;170;98,6
5;8;CALIFORNIA INSTITUTE OF TECHNOLOGY (CALTECH);US;S;CO;VH;5;B;99,8;23;89,6;75;100;6;100;3;90,2;126;85,2;120;97,9
6;  5=;UNIVERSITY OF OXFORD;UK;L;FC;VH;5;A;100;3;100;1;100;10;88,9;63;97,8;61;96,6;55;97,7
7;  5=;UCL (UNIVERSITY COLLEGE LONDON);UK;L;FC;VH;5;A;99,9;15;99,8;17;98,6;41;88;67;95,5;87;99,9;18;97,2
8;  2=;IMPERIAL COLLEGE LONDON;UK;L;FC;VH;5;A;99,9;17;100;8;99,9;23;79,6;108;100;38;100;13;96,1
9;12;ETH ZURICH (SWISS FEDERAL INSTITUTE OF TECHNOLOGY);CH;L;CO;VH;5;A;99,9;19;99;28;78,6;140;98,8;21;100;13;98;41;95,5
10;11;UNIVERSITY OF CHICAGO;US;L;FC;VH;5;B;99,9;13;96,3;48;93,8;60;91,5;51;73,4;197;81,6;135;94,6
11;9;PRINCETON UNIVERSITY;US;M;CO;VH;5;B;100;11;98,5;30;92,9;65;100;4;47,2;303;68,2;192;94,4
12;22;NATIONAL UNIVERSITY OF SINGAPORE (NUS);SG;XL;FC;VH;5;A;100;9;100;9;92,9;67;78,9;110;100;25;92,5;81;94,2
13;39;NANYANG TECHNOLOGICAL UNIVERSITY (NTU);SG;L;FC;VH;2;A;95,3;52;97,5;39;94,2;56;86,5;73;100;15;94;72;93,9
14;  17=;ECOLE POLYTECHNIQUE FÉDÉRALE DE LAUSANNE (EPFL);CH;M;FO;VH;5;A;89,1;71;93,6;60;93,6;63;99,3;17;100;14;100;11;93,8
15;10;YALE UNIVERSITY;US;L;FC;VH;5;B;100;10;100;11;100;7;71,3;149;89,9;127;65,5;204;92,2
16;  14=;JOHNS HOPKINS UNIVERSITY;US;L;FC;VH;5;B;97,2;41;74;136;100;13;84,9;81;96,6;75;71,2;179;91,9
17;19;CORNELL UNIVERSITY;US;L;FC;VH;5;B;99,9;21;96,7;44;73,9;165;97,1;31;90,2;125;66;202;91,8
18;13;UNIVERSITY OF PENNSYLVANIA;US;L;FC;VH;5;B;98,8;33;97,4;40;100;17;80,5;102;52,9;278;66,6;196;91,5
  19=;  25=;AUSTRALIAN NATIONAL UNIVERSITY (ANU);AU;L;FC;VH;4;A;99,6;26;94,4;59;68,9;191;89,4;61;100;30;96,7;53;91
  19=;16;KING'S COLLEGE LONDON (KCL);UK;L;FC;VH;5;A;95,2;53;95,9;51;89,9;84;77,5;120;95,4;90;98,2;37;91
21;  17=;UNIVERSITY OF EDINBURGH;UK;L;FC;VH;5;A;99,7;24;98;36;85,3;103;71,5;148;93,1;112;97,9;42;90,8
22;  14=;COLUMBIA UNIVERSITY;US;L;FC;VH;5;B;100;12;99,4;27;100;18;67;170;33;380;89,8;93;89,7
23;24;ECOLE NORMALE SUPÉRIEURE, PARIS (ENS PARIS);FR;S;SP;VH;5;B;89,6;68;78,9;117;91,9;74;100;7;55,6;266;82,6;130;89,2
24;21;MCGILL UNIVERSITY;CA;L;FC;VH;5;A;99,1;32;94,7;56;80,8;130;70,4;157;88,3;132;92,3;82;88,6
25;47;TSINGHUA UNIVERSITY;CN;XL;FC;VH;5;A;99,6;27;99,5;24;87,5;92;84,2;86;47,8;301;36,1;398;88,5
26;27;UNIVERSITY OF CALIFORNIA, BERKELEY (UCB);US;XL;FC;VH;5;A;100;4;99,9;14;46,9;346;99,9;13;96,8;70;79,3;143;88,4
27;  37=;UNIVERSITY OF CALIFORNIA, LOS ANGELES (UCLA);US;XL;FC;VH;4;A;100;8;99,7;19;74,2;163;89,6;59;57,4;259;49;297;88,2
28;40;THE HONG KONG UNIVERSITY OF SCIENCE AND TECHNOLOGY (HKUST);HK;M;CO;VH;2;A;94,3;56;91,8;67;65,8;209;89,4;62;100;16;97;52;88
29;  25=;DUKE UNIVERSITY;US;L;FC;VH;5;B;96,4;44;84,6;96;99,8;28;85,4;79;15,2;401+;57,4;243;87,9
  30=;23;UNIVERSITY OF MICHIGAN;US;XL;FC;VH;5;A;99,9;20;91,4;69;81,3;127;84,5;82;65,4;226;42,2;348;87,8
  30=;28;UNIVERSITY OF HONG KONG (HKU);HK;L;FC;VH;5;A;99,5;28;97,4;41;84,5;107;56,3;255;100;21;98,6;31;87,8
32;34;NORTHWESTERN UNIVERSITY;US;L;FC;VH;5;B;94;58;81,1;107;92,3;72;96,4;35;29,9;401+;51,7;275;87,7
33;30;THE UNIVERSITY OF MANCHESTER;UK;XL;FC;VH;5;A;99,3;30;99,9;13;79,4;136;61,9;209;83,9;157;97,1;50;87,2
34;20;UNIVERSITY OF TORONTO;CA;XL;FC;VH;5;A;99,9;14;95,6;53;82,6;117;57,3;249;97,1;68;90,3;90;87,1
35;  71=;LONDON SCHOOL OF ECONOMICS AND POLITICAL SCIENCE (LSE);UK;M;SP;VH;5;A;93,8;59;100;5;65;213;77,6;119;100;24;100;8;86,2
36;  31=;SEOUL NATIONAL UNIVERSITY (SNU);KR;L;FC;VH;4;A;99,2;31;96,6;47;84,2;111;79;109;30,2;399;33,2;401+;85,3
37;29;UNIVERSITY OF BRISTOL;UK;L;FC;VH;5;A;92,1;64;98,2;35;79,7;134;69;161;86,1;142;81,2;136;85
38;36;KYOTO UNIVERSITY;JP;L;FC;VH;5;A;99,9;18;96,6;46;94,1;57;71,5;147;17,8;401+;21,4;401+;84,9
39;  31=;THE UNIVERSITY OF TOKYO;JP;L;FC;VH;5;A;100;7;99,9;15;96,3;47;64,9;188;22,4;401+;25,9;401+;84,8
40;35;ECOLE POLYTECHNIQUE PARISTECH;FR;S;CO;VH;5;A;73,5;128;99,6;23;99,2;37;75,7;132;96,2;81;88,5;100;83,8
41;  57=;PEKING UNIVERSITY;CN;XL;FC;VH;5;A;99,9;16;99,8;16;73;167;70,8;155;50,5;289;45,2;325;83,7
42;33;THE UNIVERSITY OF MELBOURNE;AU;XL;FC;VH;5;A;99,8;22;99,8;18;39,5;401+;80,9;100;80,1;170;97,9;43;83,1
43;51;KAIST - KOREA ADVANCED INSTITUTE OF SCIENCE AND TECHNOLOGY;KR;M;CO;VH;3;A;89,4;69;86,6;85;78,5;141;100;10;28,9;401+;17,3;401+;82,6
44;59;UNIVERSITY OF CALIFORNIA, SAN DIEGO (UCSD);US;L;FC;VH;4;A;98;38;71,3;149;66,8;203;94,5;40;31,3;391;42,4;347;82,5
45;  37=;THE UNIVERSITY OF SYDNEY;AU;XL;FC;VH;5;A;99,5;29;99,4;25;39,7;401+;72,7;141;99,4;50;89,8;94;81,9
  46=;48;THE UNIVERSITY OF NEW SOUTH WALES (UNSW);AU;XL;FC;VH;4;A;96,9;42;99,6;22;36,4;401+;80;106;100;32;92,7;80;81,8
  46=;  43=;THE UNIVERSITY OF QUEENSLAND (UQ);AU;XL;FC;VH;5;A;95,6;47;91,3;70;41,9;397;84;88;99,6;48;82,4;132;81,8
48;61;THE UNIVERSITY OF WARWICK;UK;L;FC;VH;4;A;90,4;66;99,7;20;62,4;238;66,3;176;93,5;106;98,1;39;81,6
49;  52=;BROWN UNIVERSITY;US;M;FC;VH;5;B;81,9;98;71,2;150;81,7;124;96,6;32;49,4;294;66,2;198;81,5
50;  43=;UNIVERSITY OF BRITISH COLUMBIA;CA;XL;FC;VH;5;A;99,6;25;95,8;52;47;345;73,7;138;85,4;145;63,2;217;81,2
  51=;46;THE CHINESE UNIVERSITY OF HONG KONG (CUHK);HK;L;FC;VH;4;A;95,4;50;85,6;90;69,3;188;61,2;217;97,8;62;63,7;215;81,1
  51=;  71=;FUDAN UNIVERSITY;CN;L;FC;VH;5;A;94,1;57;96,9;43;61,3;247;81;99;52,2;284;49,4;293;81,1
53;  41=;NEW YORK UNIVERSITY (NYU);US;XL;FC;VH;5;B;98,8;34;97,8;37;94,8;52;35,7;401+;15,1;401+;82,3;133;80,5
54;  41=;UNIVERSITY OF WISCONSIN-MADISON;US;XL;FC;VH;5;A;97,4;40;62,1;214;85,7;102;66,9;171;51,6;288;36,1;399;80,3
55;50;UNIVERSITY OF AMSTERDAM;NL;L;FC;VH;5;A;95,1;54;88,1;80;54,3;284;84,4;85;70;207;37,8;387;80,2
56;68;TOKYO INSTITUTE OF TECHNOLOGY;JP;M;CO;VH;5;A;86,2;79;84,5;97;87,2;94;80,4;104;23,8;401+;32,1;401+;79,4
57;108;CITY UNIVERSITY OF HONG KONG;HK;M;CO;VH;3;A;72,7;131;50,7;297;81,9;122;93,4;43;100;20;95,4;63;79,2
58;  55=;OSAKA UNIVERSITY;JP;L;FC;VH;4;A;92,5;62;80,9;108;86,8;96;69,2;160;15,9;401+;19,8;401+;78,3
59;63;UNIVERSITY OF ILLINOIS AT URBANA-CHAMPAIGN;US;XL;FC;VH;5;A;97,7;39;75,8;131;22,2;401+;98,2;23;62,1;238;70;183;77,5
60;54;TECHNISCHE UNIVERSITÄT MÜNCHEN;DE;XL;CO;VH;5;A;90,4;67;98,3;33;90,3;78;36;401+;53;277;65,2;208;77,3
61;  92=;DURHAM UNIVERSITY;UK;L;FC;VH;5;A;75,4;121;98,4;31;48,7;325;90,6;54;91,7;117;88,1;103;77
  62=;  65=;CARNEGIE MELLON UNIVERSITY;US;L;FC;VH;5;B;88,1;74;83,9;100;35,1;401+;99,9;14;20,9;401+;99,3;26;76,8
  62=;  55=;UNIVERSITY OF GLASGOW;UK;L;FC;VH;5;A;87,5;76;68,3;169;64,4;220;64,4;191;86,9;139;94,4;69;76,8
64;  86=;DELFT UNIVERSITY OF TECHNOLOGY;NL;L;CO;VH;5;A;83,9;91;89,4;76;31,7;401+;96,1;37;93,2;111;71,2;180;76,5
65;  65=;UNIVERSITY OF WASHINGTON;US;XL;FC;VH;5;A;95,5;48;55,8;254;54,1;285;94,5;39;8,1;401+;43,8;337;76,3
66;49;RUPRECHT-KARLS-UNIVERSITÄT HEIDELBERG;DE;L;FC;VH;5;A;95,5;49;80,5;109;77,6;146;43,3;344;49,5;293;59,6;229;76,1
67;70;MONASH UNIVERSITY;AU;XL;FC;VH;4;A;94,5;55;96,9;42;26,6;401+;67,1;169;98,4;57;93,7;75;76
68;88;UNIVERSITY OF ST ANDREWS;UK;M;FC;VH;5;A;65,9;155;68,2;171;79;138;84,5;83;96,6;77;99,9;19;75,9
69;45;UNIVERSITY OF COPENHAGEN;DK;L;FC;VH;5;A;89,1;72;77,7;123;99,9;24;30,8;401+;82;161;37,8;388;75,7
  70=;76;NATIONAL TAIWAN UNIVERSITY (NTU);TW;XL;FC;VH;4;A;98;37;75;133;46,1;353;85,9;77;18,8;401+;23;401+;75,4
  70=;60;LUND UNIVERSITY;SE;L;FC;VH;5;A;89,3;70;84,2;99;58,1;261;58,1;246;83,5;158;72,7;171;75,4
  70=;104;SHANGHAI JIAO TONG UNIVERSITY;CN;XL;FC;VH;5;A;88,8;73;95,9;50;47,3;338;83,8;89;60,8;243;17,7;401+;75,4
  70=;77;THE UNIVERSITY OF NOTTINGHAM;UK;XL;FC;VH;5;A;80,6;103;96,7;45;61,1;249;61,9;211;87,3;137;87,6;104;75,4
74;  71=;TOHOKU UNIVERSITY;JP;L;FC;VH;5;A;86;81;72,1;146;97,1;45;61,4;214;16,5;401+;18,4;401+;75,2
75;  52=;LUDWIG-MAXIMILIANS-UNIVERSITÄT MÜNCHEN;DE;XL;FC;VH;5;A;98,1;36;91,6;68;49,8;315;56,8;252;57,1;260;39,9;361;74,7
76;64;UNIVERSITY OF BIRMINGHAM;UK;L;FC;VH;5;A;82,4;96;94,9;55;60,4;252;57,6;247;85,1;150;83,4;128;74,6
77;79;UNIVERSITY OF TEXAS AT AUSTIN;US;XL;FC;VH;5;A;98,5;35;85,8;89;20,9;401+;97,5;27;26,6;401+;27,2;401+;74,5
78;  71=;TRINITY COLLEGE DUBLIN (TCD);IE;L;FC;VH;5;A;82,5;95;73,8;137;60,7;251;63;203;95,8;83;84,6;124;74,3
79;62;UNIVERSITY OF NORTH CAROLINA, CHAPEL HILL;US;L;FC;VH;5;A;84,1;90;45,7;340;81,7;125;79,9;107;38,1;349;21,2;401+;73,7
80;69;THE UNIVERSITY OF SHEFFIELD;UK;L;FC;VH;5;A;79;109;79,7;113;66,3;207;59;236;81,5;163;95;65;73,6
81;94;UNIVERSITY OF SOUTHAMPTON;UK;L;FC;VH;5;A;72,9;130;64;200;76,6;150;63,5;196;89,2;128;92,3;83;72,8
  82=;  92=;THE UNIVERSITY OF AUCKLAND;NZ;L;FC;VH;5;A;92,7;61;93,6;61;27,2;401+;58,5;242;85,2;146;88,4;101;72,4
  82=;82;KATHOLIEKE UNIVERSITEIT LEUVEN ;BE;XL;FC;VH;5;A;92,4;63;76,4;129;15;401+;92,6;46;80;171;41,6;351;72,4
84;107;GEORGIA INSTITUTE OF TECHNOLOGY (GEORGIA TECH);US;L;CO;VH;5;A;81,8;99;78,2;121;44,5;364;89,9;56;6,5;401+;86,9;110;72,3
  85=;95;UNIVERSITY OF CALIFORNIA, DAVIS (UCD);US;XL;FC;VH;5;A;85,8;82;62;215;35,5;401+;93,9;41;65,7;225;46,9;311;72,2
  85=;  57=;UNIVERSITY OF ZURICH;CH;L;FC;VH;5;A;78,1;113;72,7;142;90,8;77;36;401+;100;37;62,6;220;72,2
  87=;97;UNIVERSITY OF LEEDS;UK;L;FC;VH;5;A;81,7;100;90,7;71;57,9;263;55,2;261;75,8;186;73,7;168;72
  87=;  86=;POHANG UNIVERSITY OF SCIENCE AND TECHNOLOGY (POSTECH);KR;S;FO;VH;3;B;56,1;194;64,9;191;99,6;31;100;6;49,7;291;10;401+;72
  89=;102;PURDUE UNIVERSITY;US;XL;FC;VH;5;A;81;102;77,2;125;38,2;401+;73,3;140;94,1;97;78,1;149;71,2
  89=;85;UNIVERSITY OF GENEVA;CH;L;FC;VH;5;A;69,8;143;34,2;401+;62,3;240;86,5;72;100;28;99;27;71,2
91;78;BOSTON UNIVERSITY;US;L;FC;VH;5;B;78,5;110;85,6;91;62,5;235;71,2;151;11;401+;73,7;166;71,1
92;110;KTH, ROYAL INSTITUTE OF TECHNOLOGY;SE;L;CO;VH;5;A;64,1;167;88;81;67,7;196;80,9;101;86,1;143;46,2;315;70,9
93;  127=;KIT, KARLSRUHER INSTITUT FÜR TECHNOLOGIE;DE;L;CO;VH;4;A;64;168;96,2;49;84,7;106;65,8;180;57,1;261;48,6;299;70,8
94;80;UTRECHT UNIVERSITY;NL;XL;FC;VH;5;A;83,7;93;69;161;47,1;339;84,5;84;59,4;248;17,9;401+;70,7
95;75;LEIDEN UNIVERSITY;NL;L;FC;VH;5;A;87,1;77;55,2;262;43,6;377;83,2;91;66,7;221;21,1;401+;70,3
  96=;67;UNIVERSITY OF HELSINKI;FI;L;CO;VH;5;A;83,7;92;64,7;192;94,6;53;36,8;400;59,9;247;14,8;401+;70,1
  96=;84;UNIVERSITY OF ALBERTA;CA;XL;FC;VH;5;A;79,5;105;68,7;164;56,7;272;56,5;254;90,3;124;82,9;129;70,1
98;89;THE UNIVERSITY OF WESTERN AUSTRALIA (UWA);AU;L;FC;VH;5;A;79,3;108;70,3;153;35,2;401+;76,1;130;99,7;47;65,6;203;69,4
99;109;OHIO STATE UNIVERSITY;US;XL;FC;VH;5;A;82;97;57,4;243;71,9;174;47;310;80,4;168;55,2;252;69,3
100;  90=;UNIVERSITY OF GRONINGEN;NL;L;FC;VH;5;A;69,1;148;58,5;234;81,1;128;48;304;93,4;110;94,2;70;68,8
101;112;PENNSYLVANIA STATE UNIVERSITY;US;XL;FC;VH;5;A;85,7;84;73,3;138;34;401+;86,1;76;13,2;401+;45,5;320;68,7
102;81;UPPSALA UNIVERSITY;SE;L;FC;VH;5;A;85,7;85;65,6;183;47;342;64,2;193;28,4;401+;75,8;156;68,4
103;120;UNIVERSITY OF YORK;UK;L;FC;HI;4;A;67,7;152;70,1;154;51,5;304;76,6;127;87,1;138;81,1;137;68,3
104;  116=;KOREA UNIVERSITY;KR;L;FC;VH;5;B;78,4;112;84,6;95;83,2;116;42,6;349;21,4;401+;39,2;370;68,2
105;106;YONSEI UNIVERSITY;KR;L;FC;VH;5;B;79,4;107;86,6;84;83,8;115;40,3;367;14,1;401+;35,7;401+;67,9
106;  129=;RICE UNIVERSITY;US;M;FC;VH;5;B;50,5;222;20,2;401+;84,2;110;99,7;16;86,1;141;87,1;106;67,8
107;96;AARHUS UNIVERSITY;DK;L;FC;VH;4;A;74,9;124;63,8;201;43,3;381;81,7;95;71;204;47,1;310;67,4
108;114;LOMONOSOV MOSCOW STATE UNIVERSITY ;RU;XL;FO;VH;5;A;84,2;88;82,1;103;99,6;29;8,6;401+;13,7;401+;56,1;248;67,2
109;98;QUEEN MARY, UNIVERSITY OF LONDON (QMUL);UK;L;FC;VH;5;A;63,4;170;57,4;244;72,4;170;57,5;248;96,6;76;99,3;25;67
  110=;144;ZHEJIANG UNIVERSITY;CN;XL;FC;VH;5;A;80,2;104;80,1;110;34,2;401+;90,3;55;14;401+;20,7;401+;66,9
  110=;99;WASHINGTON UNIVERSITY IN ST. LOUIS;US;L;FC;VH;5;B;60,4;182;33,3;401+;99,9;19;76,7;125;20,8;401+;58,7;234;66,9
112;  123=;TECHNICAL UNIVERSITY OF DENMARK;DK;M;FO;VH;5;A;44,1;271;52,9;280;95,4;48;80,2;105;97,1;69;74,8;160;66,8
  113=;100;THE UNIVERSITY OF ADELAIDE;AU;L;FC;VH;5;A;75,2;122;76,5;128;42,2;396;53,9;270;93,5;105;98,6;33;66,7
  113=;  147=;UNIVERSITY OF SCIENCE AND TECHNOLOGY OF CHINA;CN;L;CO;VH;4;A;72,1;136;48,7;311;62,8;232;97,9;25;11,3;401+;3,5;401+;66,7
115;83;UNIVERSITÉ DE MONTRÉAL ;CA;XL;FC;VH;5;A;79,5;106;75,6;132;32,4;401+;62;207;85;151;80,1;140;66,6
116;  162=;THE HONG KONG POLYTECHNIC UNIVERSITY;HK;L;CO;VH;2;A;69,1;147;59,6;226;47;344;70,5;156;99,3;51;82;134;66,3
117;  147=;EINDHOVEN UNIVERSITY OF TECHNOLOGY;NL;M;FO;VH;4;A;50,5;226;57,3;245;99,4;34;69,6;158;100;40;26,6;401+;66,2
118;140;SUNGKYUNKWAN UNIVERSITY;KR;L;FC;VH;5;B;68,9;149;99,4;26;86,9;95;43,5;341;20;401+;27,6;401+;66,1
119;150;FREIE UNIVERSITÄT BERLIN;DE;XL;FC;HI;4;A;93,3;60;62,7;208;19,7;401+;61,3;216;60,1;244;54,6;255;65,7
120;103;NAGOYA UNIVERSITY;JP;L;FC;VH;5;A;73,7;127;58;237;93,7;61;45,7;321;19,4;401+;26,1;401+;65,6
121;160;LANCASTER UNIVERSITY;UK;M;FC;VH;4;A;59,1;185;69,2;160;45,1;360;82,3;92;91,4;121;95,8;60;65,5
122;  123=;CARDIFF UNIVERSITY;UK;L;FC;VH;5;A;63,8;169;73,3;139;66,8;204;53,8;273;71,7;201;85,7;117;65
123;119;UNIVERSITY OF MINNESOTA;US;XL;FC;VH;5;A;84,1;89;46,3;331;23,9;401+;97,4;29;7,6;401+;37,6;389;64,9
  124=;  198=;UNIVERSIDAD DE BUENOS AIRES;AR;XL;FC;HI;5;A;95,7;46;98,9;29;61,4;246;2,9;401+;30,4;398;38;385;64,6
  124=;  129=;UNIVERSITY OF GHENT;BE;XL;FC;VH;5;A;71,5;137;54,9;267;90,3;79;40,9;364;55,8;265;26,5;401+;64,6
  126=;134;HUMBOLDT-UNIVERSITÄT ZU BERLIN;DE;XL;FC;HI;5;A;96,6;43;76,6;127;23,8;401+;41,7;361;55,4;267;42,8;343;64,5
  126=;122;UNIVERSITY OF MARYLAND, COLLEGE PARK;US;XL;FC;VH;5;A;70;142;38;401+;63,3;230;82,3;94;31,2;392;37;393;64,5
  126=;  90=;ERASMUS UNIVERSITY ROTTERDAM;NL;L;FO;VH;5;A;55,1;198;90,4;73;65,7;210;67,1;168;69,2;212;65,3;206;64,5
129;  132=;UNIVERSITY OF CALIFORNIA, SANTA BARBARA (UCSB);US;L;CO;VH;5;A;84,4;87;28,9;401+;10,8;401+;100;5;62,7;235;44,7;329;64,3
  130=;  162=;NANJING UNIVERSITY;CN;XL;FC;VH;5;A;76,7;117;63,6;204;34,9;401+;86,5;74;38,7;345;16,5;401+;64,2
  130=;131;UNIVERSITY OF SOUTHERN CALIFORNIA;US;XL;FC;VH;5;B;70,4;141;65,1;189;42,9;389;76,7;126;34,8;371;74,1;161;64,2
132;  175=;CHALMERS UNIVERSITY OF TECHNOLOGY;SE;M;CO;VH;5;B;48,6;244;86,5;86;71,9;175;76,3;129;78,7;178;44,6;330;64
  133=;121;UNIVERSITÄT FREIBURG;DE;L;FC;VH;5;A;74,1;126;37,7;401+;59,3;257;64,7;189;58,3;255;45,4;323;63,5
  133=;111;UNIVERSITY OF PITTSBURGH;US;L;FC;VH;5;A;58,2;189;29;401+;93,8;59;67,6;166;64,6;232;33;401+;63,5
  135=;101;UNIVERSITY OF OSLO;NO;L;FC;VH;5;A;71,5;138;45,4;344;61,3;248;61,1;219;67;219;45,4;324;63,4
  135=;  151=;WAGENINGEN UNIVERSITY;NL;M;FO;VH;4;A;55,6;196;40;389;99,9;20;52,9;280;42,8;324;86,5;113;63,4
  137=;115;UNIVERSITÉ PIERRE ET MARIE CURIE (UPMC);FR;L;CO;VH;5;A;72,3;134;52,3;284;32,8;401+;89,4;60;36,4;362;53,2;262;63,2
  137=;137;UNIVERSITY OF ABERDEEN;UK;M;FC;VH;5;A;53,6;206;63,3;205;65,3;211;64,1;194;93,4;107;94,4;68;63,2
  139=;135;HOKKAIDO UNIVERSITY;JP;L;FC;VH;5;A;69,8;144;64,7;193;85,8;101;48,4;301;15,4;401+;18,8;401+;63,1
  139=;  116=;UNIVERSITY OF BASEL;CH;L;FC;VH;5;A;54,5;201;48,3;315;38,7;401+;96,6;33;100;22;85,1;121;63,1
  139=;  187=;AALTO UNIVERSITY;FI;L;FO;VH;5;A;50,5;223;58,5;233;92,6;69;63,5;197;75,6;189;38,7;377;63,1
142;126;KYUSHU UNIVERSITY;JP;L;FC;VH;5;A;69,3;146;66,4;182;98,8;39;31,7;401+;17,8;401+;24,7;401+;62,7
  143=;  132=;UNIVERSIDADE DE SÃO PAULO (USP);BR;XL;FC;VH;4;A;95,3;51;94,6;57;35,3;401+;33,6;401+;10,8;401+;6,8;401+;62,4
  143=;105;UNIVERSITY OF LAUSANNE;CH;M;CO;VH;5;A;53,2;208;55;265;95,2;50;38,5;380;97,6;65;77,9;150;62,4
145;  147=;RHEINISCH-WESTFÄLISCHE TECHNISCHE HOCHSCHULE AACHEN;DE;XL;FC;VH;5;A;78,5;111;97,6;38;30,8;401+;53;279;31,4;389;50,7;284;62,2
146;  151=;UNIVERSITI MALAYA (UM);MY;L;FC;VH;5;A;62;175;56,8;246;94,1;58;23,8;401+;80,6;167;77,3;154;62,1
147;;INDIAN INSTITUTE OF SCIENCE BANGALORE;IN;S;SP;VH;5;A;52,5;212;39,7;393;84,4;108;99,3;18;;;2,8;401+;62
148;138;HEBREW UNIVERSITY OF JERUSALEM;IL;L;FC;VH;4;A;66,9;154;33,3;401+;82,5;118;59,4;232;52;285;12,2;401+;61,8
  149=;154;UNIVERSITÉ CATHOLIQUE DE LOUVAIN (UCL);BE;L;FC;HI;5;B;76,5;118;72,4;145;55,2;280;26,5;401+;78,9;176;65,4;205;61,5
  149=;113;MCMASTER UNIVERSITY;CA;L;FC;VH;5;A;61,7;177;60,2;223;64,6;219;53,3;275;91,5;119;50,6;285;61,5
151;  123=;UNIVERSITY OF LIVERPOOL;UK;L;FC;VH;5;A;55,1;199;69,5;158;66,8;202;50,1;290;76,9;184;95,1;64;61,1
152;169;UNIVERSITY OF WATERLOO;CA;XL;CO;VH;4;A;61;179;79,4;115;14,9;401+;88,6;64;78,3;181;75,7;158;60,9
153;  156=;UNIVERSITÄT WIEN;AT;XL;FC;HI;5;A;82,5;94;57,9;239;37,2;401+;25;401+;94,8;94;93,4;76;60,8
154;139;UNIVERSITY COLLEGE DUBLIN (UCD);IE;L;FC;VH;5;A;62,2;174;72,4;144;39,6;401+;63,1;201;90,9;122;63,7;216;60,5
155;  167=;NATIONAL TSING HUA UNIVERSITY;TW;M;CO;VH;4;A;65,2;161;49;305;31,7;401+;99,8;15;39,1;343;16,1;401+;60,2
  156=;  202=;UNIVERSITY OF READING;UK;L;CO;VH;5;A;51,1;219;68,2;170;51,5;303;67,7;164;86,6;140;89,7;95;60,1
  156=;;CENTRALESUPÉLEC;FR;S;FO;VH;5;A;30,4;401+;100;7;86,7;98;74,3;137;16,5;401+;94,9;67;60,1
158;136;DARTMOUTH COLLEGE;US;M;FC;VH;5;B;41,1;306;65,3;186;86,4;99;83,8;90;6,3;401+;51,6;277;60
159;165;TEXAS A&M UNIVERSITY;US;XL;FC;VH;5;A;76,3;119;68,3;168;13,2;401+;89,8;57;8,3;401+;24,1;401+;59,7
159;  179=;UNIVERSITY OF BATH;UK;L;CO;VH;3;A;51,3;217;89;77;37,9;401+;68,3;164;90,5;124;90,4;90;59,8
160;  175=;UNIVERSIDAD NACIONAL AUTÓNOMA DE MÉXICO (UNAM);MX;XL;FC;VH;5;A;95,9;45;92,5;65;49,4;319;5,3;401+;14,7;401+;3,6;401+;59,6
161;161;UNIVERSITY OF EXETER;UK;L;FC;HI;4;A;52;215;76,7;126;44,3;370;66,9;172;85,2;147;87,1;107;59,5
162;  127=;NEWCASTLE UNIVERSITY;UK;L;FC;VH;4;A;49,6;236;73,2;140;61,8;244;55,8;258;83,4;160;88,6;99;59,4
163;153;UNIVERSITY OF CALIFORNIA, IRVINE (UCI);US;L;FC;VH;4;A;63,3;171;40,9;379;22;401+;95,7;38;52,8;280;69,9;184;59,2
164;  195=;MICHIGAN STATE UNIVERSITY;US;XL;FC;VH;5;A;69,8;145;59,5;227;24,4;401+;70,8;154;61,5;240;55,6;251;58,9
165;  156=;EMORY UNIVERSITY;US;L;FC;VH;5;B;41,8;295;24,5;401+;85,1;104;89,6;58;45;311;45,2;326;58,8
  166=;166;UNIVERSITAT DE BARCELONA (UB);ES;XL;FC;VH;5;A;86,9;78;74,1;135;34,4;401+;38,8;378;5,8;401+;27,7;401+;58,6
  166=;145;UNIVERSITY OF BERN;CH;L;CO;VH;5;A;43,8;273;45,4;345;46,3;352;99,9;11;99,4;49;43,5;339;58,6
168;146;GEORG-AUGUST-UNIVERSITÄT GÖTTINGEN;DE;L;FC;VH;5;A;74,2;125;35,6;401+;74,9;158;30,2;401+;44,5;314;37,9;386;58,5
169;118;MAASTRICHT UNIVERSITY;NL;L;CO;VH;3;A;37,5;340;68,8;163;71,5;177;60,6;221;94,8;95;99,9;16;58,2
170;  167=;PONTIFICIA UNIVERSIDAD CATÓLICA DE CHILE;CL;L;FC;HI;5;B;90,7;65;98,3;34;38,3;401+;14;401+;19,1;401+;8;401+;58,1
171;  141=;UNIVERSITY OF CAPE TOWN;ZA;L;FC;VH;5;A;68,9;150;60,6;220;36,2;401+;53,3;278;70,1;205;52,5;266;57,8
172;  141=;UNIVERSITY OF VIRGINIA;US;L;FC;VH;5;A;53,7;205;49,7;301;70,9;179;62,6;205;53,4;275;35,9;400;57,7
  173=;  141=;EBERHARD KARLS UNIVERSITÄT TÜBINGEN;DE;L;FC;VH;5;A;64,5;164;51,4;290;82,4;121;27,4;401+;47,2;302;32,4;401+;57
  173=;159;UNIVERSITY OF OTAGO;NZ;L;FC;VH;5;A;62,7;172;53,8;275;30,2;401+;60,4;226;100;27;66;201;57
175;  182=;UNIVERSITY OF COLORADO AT BOULDER;US;L;CO;VH;5;A;56;195;51,6;288;70,1;185;61,5;213;40,2;334;17,2;401+;56,9
176;  171=;VU UNIVERSITY AMSTERDAM;NL;L;FC;VH;5;A;64,3;166;66,8;180;39,5;401+;66,1;179;44,3;317;18,1;401+;56,8
177;  156=;RADBOUD UNIVERSITY NIJMEGEN;NL;L;FC;VH;4;A;47;255;42,2;370;60;254;85,1;80;52,2;283;38,8;375;56,7
178;  192=;TECHNISCHE UNIVERSITÄT BERLIN;DE;XL;CO;VH;5;A;70,5;140;82,3;102;39,6;401+;36,7;401+;39,2;342;56,9;246;56,6
179;  235=;INDIAN INSTITUTE OF TECHNOLOGY DELHI (IITD);IN;M;CO;VH;4;A;55,3;197;81,6;104;32,2;401+;96,2;36;3,5;401+;3,6;401+;56,4
180;  192=;UNIVERSITY OF FLORIDA;US;XL;FC;VH;5;B;65,3;160;44,6;355;68,2;193;48,3;302;17,6;401+;23,9;401+;56,1
181;155;UNIVERSITY OF BERGEN;NO;M;FC;VH;4;A;47,3;252;27,9;401+;86,4;100;59;237;78,9;177;21,7;401+;55,9
  182=;  182=;STOCKHOLM UNIVERSITY;SE;XL;CO;VH;5;A;76,9;116;50,8;293;38,9;401+;53,3;276;6,4;401+;21,3;401+;55,8
  182=;170;QUEEN'S UNIVERSITY OF BELFAST;UK;L;FC;VH;5;A;49,9;230;56,6;247;52,4;296;50,1;292;97,8;63;94;73;55,8
  182=;  202=;NATIONAL CHIAO TUNG UNIVERSITY;TW;M;CO;VH;5;A;37,5;341;27,5;401+;64,9;214;96,5;34;49;295;63,1;219;55,8
185;186;UNIVERSITY OF ILLINOIS, CHICAGO (UIC);US;L;FC;VH;5;A;59;186;46,7;326;47,5;337;59,5;231;61,3;242;57,7;241;55,7
186;178;UNIVERSIDAD AUTÓNOMA DE MADRID;ES;L;FC;VH;3;A;72,5;132;68,6;167;51,3;305;37,8;389;15,2;401+;18,1;401+;55,5
187;229;POLITECNICO DI MILANO;IT;XL;FO;VH;5;A;64,7;162;89,8;74;12,8;401+;66,7;173;38,2;348;48,5;301;55,2
187;  200=;UNIVERSITY OF SUSSEX;UK;L;FC;HI;4;A;48,4;246;29,4;401+;39,7;401+;77;123;100;1;96,9;51;55,6
  188=;  179=;ECOLE NORMALE SUPÉRIEURE DE LYON ;FR;S;CO;VH;5;A;58,3;188;26,7;401+;100;9;22;401+;53,9;272;38,4;379;55,1
  188=;  212=;UNIVERSITY OF TWENTE;NL;M;FO;VH;4;A;37,4;342;39,6;395;44,3;369;97,5;28;81,1;164;73,4;169;55,1
  190=;  173=;UNIVERSITAT AUTÓNOMA DE BARCELONA;ES;XL;FC;VH;3;A;78;114;47,5;323;29,9;401+;50,3;289;21,6;401+;31,7;401+;54,8
  190=;164;UNIVERSITY OF ROCHESTER;US;M;FC;VH;5;B;38,9;323;15,9;401+;99,9;22;59,3;234;35,9;363;77,8;153;54,8
192;191;WESTERN UNIVERSITY;CA;L;FC;VH;5;A;50,3;227;62,3;213;23,7;401+;78,5;114;95,5;89;57,9;239;54,6
193;219;HANYANG UNIVERSITY;KR;L;FC;VH;4;B;44,3;269;67,8;174;94,5;54;34,5;401+;27,1;401+;53,2;263;54,4
194;181;VRIJE UNIVERSITEIT BRUSSEL (VUB);BE;M;FC;VH;5;A;41,4;303;64,1;197;95;51;24;401+;77,1;183;69,4;187;54,2
  195=;  206=;UNIVERSIDADE ESTADUAL DE CAMPINAS (UNICAMP);BR;L;FC;VH;3;A;75,1;123;79,9;112;31,1;401+;43,4;343;12,6;401+;7,5;401+;54,1
  195=;237;UNIVERSITY OF NOTRE DAME;US;L;CO;VH;5;B;42,2;289;48,2;317;50,4;312;84,1;87;83,5;159;23,5;401+;54,1
197;  246=;TECHNISCHE UNIVERSITÄT WIEN;AT;L;FO;VH;5;A;47,2;253;71,1;151;10,6;401+;90,8;53;62,3;236;87,4;105;53,9
198;190;TECHNION - ISRAEL INSTITUTE OF TECHNOLOGY;IL;L;FC;VH;4;A;54,2;202;42,4;367;33,6;401+;87,5;69;60;245;11,1;401+;53,8
199;225;KING FAHD UNIVERSITY OF PETROLEUM & MINERALS (KFUPM);SA;M;CO;VH;4;A;37,2;345;51,7;287;83,9;114;39,4;374;100;19;73,9;162;53,5
202;  222=;INDIAN INSTITUTE OF TECHNOLOGY BOMBAY (IITB);IN;M;CO;VH;4;A;62,3;173;87,5;83;27,7;401+;65,6;182;5;401+;1,5;401+;52,8
203;  195=;TEL AVIV UNIVERSITY;IL;L;FC;VH;4;A;58;190;47,9;321;12,7;401+;98,9;20;34,3;373;10,5;401+;52,7
  204=;  182=;UNIVERSITÀ DI BOLOGNA (UNIBO);IT;XL;FC;VH;5;A;87,5;75;62,9;207;16,4;401+;32,2;401+;9,2;401+;18;401+;52,5
  204=;  171=;UNIVERSITY OF CALGARY;CA;L;FC;VH;3;A;54,9;200;67,6;175;31,8;401+;53,3;277;69,1;215;64,7;209;52,5
206;  187=;QUEEN'S UNIVERSITY;CA;L;FC;VH;5;A;53,8;203;67,5;177;18;401+;75,4;133;78,6;179;28,5;401+;52,4
207;  173=;UNIVERSITÉ LIBRE DE BRUXELLES (ULB);BE;L;FC;HI;5;A;56,4;193;62,3;212;36,6;401+;31,7;401+;93,8;101;94,9;66;52
208;205;UNIVERSITY OF ANTWERP;BE;L;FC;VH;3;A;43,4;278;40,5;383;95,3;49;27,4;401+;65;228;51,6;278;51,9
209;  220=;UNIVERSIDAD DE CHILE;CL;XL;FC;HI;5;A;84,6;86;92,8;64;18,7;401+;16,5;401+;12,2;401+;13,4;401+;51,6
210;177;RHEINISCHE FRIEDRICH-WILHELMS-UNIVERSITÄT BONN;DE;XL;FC;VH;5;A;67,1;153;39,4;397;60,3;253;29;401+;13,4;401+;39,1;371;51,4
211;242;UNIVERSITY OF CANTERBURY;NZ;M;CO;VH;5;A;49,1;241;57,8;240;27;401+;61,2;218;99;53;61,9;222;51,2
212;  220=;WASEDA UNIVERSITY;JP;XL;CO;VH;5;B;73,3;129;85,3;92;36,9;401+;10;401+;35,6;366;40,2;358;51,1
  213=;  202=;SAPIENZA - UNIVERSITÀ DI ROMA;IT;XL;FC;VH;5;A;85,7;83;54,4;271;5,8;401+;44,9;332;2,3;401+;17,7;401+;51
  213=;  200=;GEORGETOWN UNIVERSITY;US;L;FC;HI;5;B;49,8;232;66,5;181;58,7;260;38,3;382;44,7;313;54,3;257;51
215;189;CASE WESTERN RESERVE UNIVERSITY;US;M;FC;VH;5;B;29,1;401+;12,6;401+;97,7;43;65,6;181;36,5;360;65,3;207;50,8
  216=;  215=;UNIVERSITY OF ARIZONA;US;XL;FC;VH;5;A;61;180;30;401+;31,4;401+;71,9;146;25,1;401+;24,6;401+;50,7
  216=;  182=;VANDERBILT UNIVERSITY;US;L;FC;VH;5;B;46,6;259;15,8;401+;100;8;43,4;342;5,8;401+;28,4;401+;50,7
218;264;UNIVERSITY OF TECHNOLOGY, SYDNEY (UTS);AU;L;CO;VH;3;A;48,6;243;85,9;88;22,4;401+;42,3;355;95,6;86;93,2;77;50,5
  219=;  192=;UNIVERSITÄT HAMBURG;DE;XL;FC;VH;4;A;68,9;151;55,4;258;40,6;401+;29,3;401+;27,7;401+;37;394;50,4
  219=;197;KEIO UNIVERSITY;JP;XL;FC;VH;5;B;65,8;156;82,3;101;57,5;265;15,7;401+;13,6;401+;8,4;401+;50,4
  219=;  198=;UNIVERSITY OF TSUKUBA;JP;L;FC;VH;3;A;52,1;214;45,8;339;79;139;32,7;401+;17,3;401+;32,3;401+;50,4
222;227;UNIVERSITÉ PARIS-SORBONNE (PARIS IV);FR;L;SP;VH;5;A;86;80;78,6;118;11,2;401+;7,7;401+;31,2;393;52;273;50,3
223;  222=;SCIENCES PO PARIS;FR;M;SP;VH;5;A;36,8;349;78,3;120;92,6;68;4,7;401+;64,1;234;97,2;48;50,2
224;232;NATIONAL CHENG KUNG UNIVERSITY;TW;L;FC;VH;4;A;49,7;233;35,5;401+;51;307;68,9;162;19,9;401+;32,3;401+;50,1
225;  222=;SIMON FRASER UNIVERSITY;CA;L;CO;VH;4;A;41,6;296;45,3;348;9,1;401+;88,2;66;93,5;104;91,7;85;50
226;  212=;UNIVERSIDAD COMPLUTENSE DE MADRID (UCM);ES;XL;FC;VH;5;A;76,9;115;79;116;30,5;401+;13,8;401+;3,5;401+;38,6;378;49,7
227;234;TECHNISCHE UNIVERSITÄT DRESDEN;DE;XL;FC;VH;5;A;49,2;239;67,8;172;15,3;401+;81,4;97;30,7;395;42,2;349;49,6
228;  265=;LOUGHBOROUGH UNIVERSITY;UK;L;FO;VH;3;A;38,9;322;69;162;37,6;401+;59,4;233;79,9;173;71,5;177;49,5
  229=;  275=;VICTORIA UNIVERSITY OF WELLINGTON;NZ;L;CO;VH;5;A;51,2;218;58,4;235;19,4;401+;54,1;265;100;39;66,1;199;49,4
  229=;  254=;MACQUARIE UNIVERSITY;AU;L;FC;HI;4;A;48,4;245;63,6;203;14,4;401+;58,8;239;100;17;78,3;147;49,4
231;  275=;ROYAL HOLLOWAY UNIVERSITY OF LONDON;UK;M;CO;VH;5;A;32,3;401+;35,3;401+;36,8;401+;77,9;117;97,7;64;98;40;49,3
232;  240=;BEIJING NORMAL UNIVERSITY ;CN;L;CO;VH;5;A;56,4;192;48,7;312;42,2;395;45,8;319;58,6;252;22,7;401+;49,2
  233=;  230=;UNIVERSITY COLLEGE CORK (UCC);IE;L;FC;HI;5;A;44,4;268;60,7;218;43,2;384;47,4;307;92,1;116;47,8;307;49,1
  233=;208;UNIVERSITY OF TURKU;FI;L;FC;HI;4;A;41,9;293;65,3;188;92,5;71;24,5;401+;33,8;376;12,4;401+;49,1
  235=;  215=;UNIVERSITÉ JOSEPH FOURIER - GRENOBLE 1;FR;L;CO;VH;5;A;52,9;209;23;401+;39,3;401+;71,9;145;17,6;401+;44;335;48,9
  235=;211;UNIVERSITY OF LEICESTER;UK;L;FC;HI;4;A;32,8;393;40,1;387;64;223;50;293;80;172;97,1;49;48,9
237;  249=;KING SAUD UNIVERSITY (KSU);SA;XL;FC;VH;4;A;42,2;290;45,9;338;90,2;80;15,1;401+;97,6;67;24,5;401+;48,7
238;253;TECNOLÓGICO DE MONTERREY (ITESM);MX;L;FC;MD;4;B;43,6;274;93,2;62;71,5;176;4,2;401+;83,3;160;47,7;308;48,6
239;  240=;UNIVERSITY OF EAST ANGLIA (UEA);UK;L;FC;HI;4;A;36,7;351;28,3;401+;35,9;401+;78,9;111;71,3;203;85,6;118;48,4
240;228;UNIVERSITÉ PARIS 1 PANTHÉON-SORBONNE ;FR;XL;FO;HI;5;A;81,1;101;90,7;72;4,5;401+;6,5;401+;24;401+;64,5;211;48,2
  241=;226;UNIVERSITÉ DE STRASBOURG;FR;XL;FC;HI;5;A;72,3;135;27;401+;20,6;401+;37,3;395;42,3;330;54,2;258;48,1
  241=;209;UNIVERSITÉ PARIS-SUD 11;FR;L;CO;VH;5;A;46,3;261;26,8;401+;66,4;205;46,3;317;37,3;354;48,6;300;48,1
  243=;217;UNIVERSITÄT FRANKFURT AM MAIN;DE;XL;FC;VH;5;A;64,7;163;64,1;198;33,5;401+;25,9;401+;20,9;401+;53,6;260;48
  243=;282;UNIVERSITY OF MASSACHUSETTS, AMHERST;US;L;CO;VH;5;A;53,7;204;42,6;366;23,8;401+;76,9;124;23,3;401+;16,8;401+;48
  243=;  283=;UNIVERSITY OF WOLLONGONG;AU;L;FC;HI;3;A;31,1;401+;78,6;119;31,6;401+;63,9;195;99,9;45;69,6;186;48
246;  269=;TECHNISCHE UNIVERSITÄT DARMSTADT;DE;L;FO;VH;5;A;34,2;382;88,1;79;17,2;401+;78,7;112;59,9;246;59,1;232;47,7
  247=;  206=;UNIVERSITY OF GOTHENBURG;SE;L;FC;VH;5;A;52,8;210;45;350;53,4;290;38,8;379;35,8;364;33,1;401+;47,6
  247=;  314=;UNIVERSITY OF SURREY;UK;M;CO;VH;5;A;34,8;369;46,8;325;47,1;340;49,4;296;94,5;96;97,7;46;47,6
  249=;  294=;ARIZONA STATE UNIVERSITY;US;XL;CO;VH;5;A;60,3;183;33,4;401+;12,5;401+;75,1;135;8,8;401+;39,9;360;47,5
  249=;  246=;UNIVERSITY OF STRATHCLYDE;UK;L;CO;VH;5;A;37,4;343;69,5;159;37,3;401+;50,1;291;85,9;144;73,8;163;47,5
251;274;UNIVERSITÄT STUTTGART;DE;L;CO;VH;5;A;44,2;270;62,6;209;64,7;216;23,4;401+;38,1;350;69,2;189;47
252;214;TUFTS UNIVERSITY;US;M;FC;VH;5;B;27,6;401+;30,5;401+;64;224;80,4;103;30,1;400;45,4;322;46,9
253;243;CHULALONGKORN UNIVERSITY;TH;XL;FC;HI;4;A;76,3;120;59;231;30,8;401+;14,2;401+;19,2;401+;5,5;401+;46,8
  254=;  246=;NORWEGIAN UNIVERSITY OF SCIENCE AND TECHNOLOGY;NO;L;FC;VH;5;A;43,4;277;52,9;279;33;401+;56,9;250;75,9;185;41,1;355;46,6
  254=;  321=;INDIAN INSTITUTE OF TECHNOLOGY MADRAS (IITM);IN;M;CO;VH;4;A;41,4;302;66,9;179;31,1;401+;82,3;93;7,9;401+;4;401+;46,6
  256=;  249=;WESTFÄLISCHE WILHELMS-UNIVERSITÄT MÜNSTER ;DE;XL;FC;VH;5;A;49,7;234;69,8;157;54;286;31,5;401+;28,6;401+;17,8;401+;46,4
  256=;233;SAINT-PETERSBURG STATE UNIVERSITY;RU;L;FC;HI;5;A;49,3;238;46,7;327;97;46;4,6;401+;5,4;401+;26,6;401+;46,4
  256=;  257=;UNIVERSITY OF NEWCASTLE;AU;L;FC;HI;4;A;43;282;59,3;228;29,7;401+;49,1;298;96,3;79;52,5;269;46,4
259;292;BEN GURION UNIVERSITY OF THE NEGEV;IL;L;FC;VH;3;A;31,5;401+;29,7;401+;49;323;67,1;167;85,2;148;60,1;226;46,2
260;  371=;NATIONAL TAIWAN UNIVERSITY OF SCIENCE AND TECHNOLOGY;TW;M;FO;VH;3;A;34,8;371;27,6;401+;74,7;159;58,2;244;24,4;401+;30,4;401+;46,1
  261=;210;UNIVERSITÉ PARIS DIDEROT - PARIS 7;FR;L;FC;VH;5;A;65,8;157;5,5;401+;17,3;401+;56,6;253;38,4;347;47,2;309;46
  261=;  230=;UNIVERSITY OF DUNDEE;UK;M;FC;VH;5;A;34,5;375;16,3;401+;79,4;137;32,2;401+;84,2;156;79,6;141;46
  263=;  272=;INDIANA UNIVERSITY BLOOMINGTON;US;XL;FC;VH;5;A;61,6;178;55;266;31,4;401+;33,4;401+;20,5;401+;32;401+;45,8
  263=;  285=;QUEENSLAND UNIVERSITY OF TECHNOLOGY (QUT);AU;XL;CO;VH;3;A;47,7;250;71,6;148;21,4;401+;38,1;383;95,6;85;54,6;256;45,8
  265=;  254=;UNIVERSIDAD DE NAVARRA;ES;M;FC;HI;4;B;34,4;380;85,2;94;84,2;109;14;401+;19,8;401+;49,6;290;45,5
  265=;261;UNIVERSITY OF CALIFORNIA, RIVERSIDE (UCR);US;L;FC;HI;4;A;32,5;401+;45,3;346;21;401+;87,1;70;89;130;36,1;397;45,5
  265=;  272=;UNIVERSITY OF LIEGE;BE;L;FC;VH;5;A;32,2;401+;36,1;401+;48,8;324;73,5;139;23,3;401+;66;200;45,5
268;  249=;AMERICAN UNIVERSITY OF BEIRUT (AUB);LB;M;FC;HI;5;B;27,8;401+;92,9;63;62,7;233;18,4;401+;98,9;55;73,7;165;45,4
  269=;279;RUTGERS - THE STATE UNIVERSITY OF NEW JERSEY, NEW BRUNSWICK;US;XL;CO;VH;5;A;52,7;211;31,7;401+;38,8;401+;51,3;284;28,8;401+;27,8;401+;45,2
  269=;  265=;UNIVERSITY OF CALIFORNIA, SANTA CRUZ (UCSC);US;L;CO;VH;4;A;40,1;312;30;401+;17,1;401+;93;44;75,8;187;4,2;401+;45,2
  271=;  300=;INDIAN INSTITUTE OF TECHNOLOGY KANPUR (IITK);IN;M;CO;VH;4;A;45,4;263;59,7;225;36,4;401+;66,5;174;2;401+;1,9;401+;45
  271=;  280=;NATIONAL UNIVERSITY OF IRELAND, GALWAY (NUIG);IE;L;FC;HI;5;A;34,4;379;45,3;347;72,3;171;25,1;401+;89,2;129;53,4;261;45
  273=;  335=;WUHAN UNIVERSITY;CN;XL;FC;VH;5;A;49,9;229;45;352;29,7;401+;50,6;288;64,6;230;20,7;401+;44,9
  273=;304;RMIT UNIVERSITY;AU;XL;CO;VH;2;A;44,5;267;85,3;93;23,1;401+;23,9;401+;100;34;80,7;138;44,9
  275=;  305=;AL-FARABI KAZAKH NATIONAL UNIVERSITY;KZ;L;CO;MD;4;A;47,6;251;44,7;354;92,2;73;1,2;401+;29,6;401+;19,8;401+;44,8
  275=;  331=;SOAS - SCHOOL OF ORIENTAL AND AFRICAN STUDIES, UNIVERSITY OF LONDON ;UK;S;SP;VH;4;A;42,2;288;36,5;401+;52,2;298;18,8;401+;100;35;100;12;44,8
  277=;  328=;NANKAI UNIVERSITY;CN;L;FC;VH;4;A;40;313;37;401+;43,2;386;75,2;134;13,6;401+;9,9;401+;44,7
  277=;  235=;DALHOUSIE UNIVERSITY;CA;L;FC;VH;5;A;37;348;15,4;401+;28,6;401+;72;144;99,8;46;63,2;218;44,7
279;244;CHARLES UNIVERSITY;CZ;XL;FC;VH;5;A;57,9;191;55,9;253;48,6;326;13,3;401+;18,3;401+;48,1;304;44,6
280;239;UNIVERSITY OF MIAMI;US;L;FC;VH;4;B;30;401+;24,9;401+;94,3;55;41,4;362;5,9;401+;49,7;288;44,5
281;  318=;HONG KONG BAPTIST UNIVERSITY (HKBU);HK;M;FC;HI;2;A;28,1;401+;19,6;401+;52,5;294;55,4;260;98,4;58;90,2;91;44,3
282;  341=;BOSTON COLLEGE;US;L;CO;HI;5;B;34,7;373;55,7;257;27,4;401+;65,5;183;94;99;27,5;401+;44,2
283;  262=;UNIVERSIDAD DE LOS ANDES COLOMBIA;CO;L;FC;MD;4;B;65,5;159;87,7;82;25,3;401+;8,9;401+;34,8;370;4,3;401+;43,9
  284=;218;UNIVERSITY OF OTTAWA;CA;XL;FC;VH;5;A;46,7;258;34,8;401+;13,6;401+;63,2;200;75,3;190;49,2;295;43,8
  284=;  331=;CURTIN UNIVERSITY;AU;L;CO;VH;3;A;38,9;324;54,3;272;30,9;401+;39,5;372;100;26;72,7;172;43,8
  286=;  324=;INDIAN INSTITUTE OF TECHNOLOGY KHARAGPUR (IITKGP);IN;M;FO;VH;4;A;37,2;346;61,7;216;19,9;401+;91,3;52;5,9;401+;1,2;401+;43,7
  286=;  283=;LINKÖPING UNIVERSITY;SE;L;CO;VH;3;A;32,5;401+;60,6;219;72,8;168;33,8;401+;37,2;355;26,8;401+;43,7
288;333;UNIVERSITY OF SOUTH AUSTRALIA (UNISA);AU;L;CO;VH;2;A;34;384;57,9;238;37,9;401+;42,6;350;100;10;61;223;43,6
289;309;UNIVERSITI SAINS MALAYSIA (USM);MY;L;FC;VH;4;A;50,2;228;41,1;374;44,3;368;36,7;401+;29,9;401+;27,5;401+;43,4
  290=;  316=;UNIVERSIDAD NACIONAL DE COLOMBIA;CO;XL;FC;HI;5;A;71,2;139;92,1;66;14,8;401+;7,2;401+;15,2;401+;2,4;401+;43,1
290;431-440;BIRKBECK COLLEGE, UNIVERSITY OF LONDON;UK;M;FO;VH;5;A;30;401+;16;401+;23;401+;76;131;93,4;109;97,8;45;43,1
291;481-490;HARBIN INSTITUTE OF TECHNOLOGY;CN;L;FO;VH;4;A;29,2;401+;36,3;401+;49,4;317;78,3;115;23,5;401+;18,2;401+;43
292;  285=;UNIVERSITÄT ERLANGEN-NÜRNBERG;DE;XL;FC;VH;5;A;38,4;332;39,3;399;4,7;401+;98,5;22;30,6;396;26,6;401+;42,9
  293=;  338=;ECOLE NORMALE SUPÉRIEURE DE CACHAN;FR;S;CO;VH;5;A;28,3;401+;15;401+;91,7;75;43,8;340;21,3;401+;33,9;401+;42,8
  293=;  367=;TILBURG UNIVERSITY;NL;M;FO;VH;4;A;31,1;401+;53,9;274;24,8;401+;72,5;143;78,3;180;30,7;401+;42,8
  295=;  257=;MAHIDOL UNIVERSITY;TH;L;FC;HI;4;A;49,1;240;32,1;401+;85;105;7,6;401+;13,5;401+;9;401+;42,6
  295=;288;UNIVERSITÄT INNSBRUCK;AT;L;FC;HI;5;A;43,5;276;39,7;394;32,4;401+;24,6;401+;95,2;91;98,6;32;42,6
  295=;  298=;UNIVERSITAT POMPEU FABRA;ES;M;CO;VH;3;A;42,4;286;31,4;401+;30,3;401+;51,4;281;80,7;166;39,8;363;42,6
  295=;  275=;KYUNG HEE UNIVERSITY;KR;L;FC;VH;4;B;34;385;60,3;221;72,6;169;28,1;401+;15;401+;39,6;366;42,6
  299=;337;UNIVERSITAT POLITÈCNICA DE CATALUNYA ;ES;L;CO;VH;3;A;43;283;42,9;365;62,1;242;30,2;401+;13,9;401+;35,9;401+;42,5
301;  341=;CITY UNIVERSITY LONDON;UK;L;CO;HI;5;A;29,6;401+;79,4;114;26,7;401+;37,9;388;92,9;114;100;15;42,4
302;  390=;STELLENBOSCH UNIVERSITY;ZA;L;FC;HI;5;A;39,9;314;37,8;401+;11,5;401+;81,5;96;57;262;20,5;401+;42,3
  303=;334;KING ABDUL AZIZ UNIVERSITY (KAU);SA;XL;FC;HI;3;A;34,4;378;35,8;401+;70,3;183;10,5;401+;96,7;74;69,9;185;41,9
  303=;  294=;UNIVERSITI TEKNOLOGI MALAYSIA (UTM);MY;L;CO;VH;5;A;32,8;396;35,1;401+;77,9;143;12,8;401+;74;193;66,4;197;41,9
  303=;370;UNIVERSITY OF ESSEX;UK;M;CO;VH;4;A;32;401+;28,3;401+;26,2;401+;55;263;98,4;56;99,7;23;41,9
306;238;UNIVERSITÀ DEGLI STUDI DI MILANO;IT;XL;FC;VH;4;A;61,7;176;43,1;363;17,4;401+;39,2;375;15,1;401+;12,8;401+;41,8
307;321;SUN YAT-SEN UNIVERSITY;CN;XL;FC;VH;4;A;45,3;264;42,2;369;24,3;401+;58,2;245;43;322;13,3;401+;41,7
308;293;UNIVERSITY OF PORTO;PT;L;FC;VH;5;A;49,3;237;39,9;391;21,5;401+;61,9;210;8,1;401+;14,1;401+;41,6
  309=;  262=;UNIVERSITÀ DEGLI STUDI DI PADOVA (UNIPD);IT;XL;FC;VH;5;A;64,3;165;30,7;401+;29,7;401+;29,3;401+;3,7;401+;10,4;401+;41,4
  309=;287;UNIVERSIDAD AUSTRAL;AR;S;CO;MD;2;B;36,5;353;65,4;185;92,9;66;2,1;401+;8,1;401+;15,8;401+;41,4
  309=;  388=;NORTH CAROLINA STATE UNIVERSITY;US;L;CO;VH;5;A;36,1;356;38,3;401+;31,1;401+;65,3;185;33,8;377;41,6;353;41,4
  312=;  259=;UNIVERSITI KEBANGSAAN MALAYSIA (UKM);MY;L;FC;VH;3;A;49;242;34,3;401+;50,1;313;14;401+;72,9;198;33,7;401+;41,3
  312=;  269=;UNIVERSITY OF IOWA;US;L;FC;VH;5;A;40,4;311;17,2;401+;52,4;297;51,3;282;11,6;401+;39,5;367;41,3
  314=;  355=;UNIVERSIDAD CARLOS III DE MADRID;ES;L;FO;VH;3;A;41,8;294;63,7;202;62;243;11,2;401+;36,6;359;29,5;401+;41,1
  314=;365;POLITECNICO DI TORINO;IT;L;FO;VH;5;A;38,8;326;64,1;199;4,3;401+;77,2;122;2,8;401+;53,7;259;41,1
  314=;  290=;ÉCOLE DES PONTS PARISTECH;FR;S;FO;HI;5;A;15,9;401+;74,5;134;93,6;64;11,2;401+;27,8;401+;96,2;56;41,1
317;  328=;NOVOSIBIRSK STATE UNIVERSITY;RU;M;CO;VH;4;A;35,1;365;43,6;359;89;88;9,9;401+;8,4;401+;45,6;318;41
318;  352=;HERIOT-WATT UNIVERSITY;UK;M;CO;VH;3;A;19,5;401+;63;206;37,3;401+;45,2;325;96,7;72;99,9;17;40,5
  319=;  310=;UNIVERSITÄT KONSTANZ;DE;M;CO;VH;3;A;42,9;284;22,5;401+;45,2;359;35,5;401+;59,2;249;35,9;401+;40,4
  319=;  267=;UMEÅ UNIVERSITY;SE;L;FC;HI;4;A;31;401+;27,9;401+;84;112;30,2;401+;35,1;369;10,8;401+;40,4
  319=;  318=;UNIVERSITY OF JYVÄSKYLÄ;FI;M;CO;VH;4;A;31,2;401+;23;401+;88,7;90;25,8;401+;40,5;333;12,3;401+;40,4
  319=;  290=;UNIVERSITY OF VICTORIA;CA;L;CO;VH;4;A;31,7;401+;24,9;401+;12,4;401+;81,1;98;84,4;154;44,3;332;40,4
323;271;UNIVERSIDADE FEDERAL DO RIO DE JANEIRO;BR;XL;FC;VH;4;A;65,6;158;32,9;401+;33,9;401+;14,8;401+;13;401+;5,6;401+;40,3
  324=;  360=;DEAKIN UNIVERSITY;AU;XL;FC;HI;3;A;41,2;305;54,5;270;11,5;401+;40,5;366;98,2;60;55,6;250;40,1
  324=;  379=;OXFORD BROOKES UNIVERSITY;UK;L;CO;HI;5;A;39,3;318;81,4;105;21,1;401+;22,1;401+;65,8;224;83,6;126;40,1
  324=;  298=;LAVAL UNIVERSITY;CA;L;FC;VH;5;A;37,6;339;39,9;390;39,1;401+;38,9;377;67,7;217;38,9;373;40,1
  327=;  300=;GEORGE WASHINGTON UNIVERSITY;US;L;FC;HI;5;B;41,5;299;50,8;296;38,8;401+;34,2;401+;22,7;401+;49,5;291;40
  327=;  324=;UNIVERSITY OF HAWAII AT MĀNOA ;US;L;FC;VH;5;A;28,5;401+;11,5;401+;67,6;198;46,3;316;64,6;231;26,6;401+;40
  329=;  324=;GRIFFITH UNIVERSITY;AU;XL;FC;HI;3;A;34,8;368;47,9;319;21,8;401+;42,1;357;96,7;73;69,2;188;39,9
  329=;421-430;UNIVERSITY OF ST GALLEN (HSG);CH;M;SP;VH;5;A;15,3;401+;95,2;54;6,7;401+;65,2;187;100;43;96;58;39,9
  331=;  305=;UNIVERSITÄT KÖLN;DE;XL;FC;HI;5;B;52,3;213;67,5;176;25,8;401+;20;401+;26;401+;29,5;401+;39,7
  331=;376;UNIVERSITI PUTRA MALAYSIA (UPM);MY;L;FC;VH;3;A;43,5;275;33;401+;48,1;330;20,8;401+;44,5;315;57,2;244;39,7
  331=;  318=;UNIVERSITY OF THE WITWATERSRAND;ZA;L;FC;HI;5;A;41,6;297;43,3;360;27,9;401+;36,9;398;88,7;131;24;401+;39,7
  331=;  379=;XI'AN JIAOTONG UNIVERSITY;CN;XL;FC;VH;5;A;33,1;389;46;334;56,9;270;45,1;328;15;401+;12,4;401+;39,7
  331=;  355=;BRUNEL UNIVERSITY;UK;L;CO;VH;3;A;21,9;401+;40,6;382;29;401+;56,2;257;95,5;88;98,9;29;39,7
337;346;MASSEY UNIVERSITY;NZ;L;CO;VH;4;A;38,7;327;41,2;373;37,4;401+;25,4;401+;95,1;92;48,3;302;39,4
  338=;  355=;VIRGINIA POLYTECHNIC INSTITUTE (VIRGINIA TECH);US;XL;FC;VH;5;A;38,7;328;42;371;36,4;401+;48,5;300;24,2;401+;25,3;401+;39,2
  338=;  322=;BAUMAN MOSCOW STATE TECHNICAL UNIVERSITY;RU;L;CO;HI;5;A;29,7;401+;65,5;184;99,8;27;1,1;401+;1,7;401+;9;401+;39,2
  338=;256;NATIONAL YANG MING UNIVERSITY;TW;S;FC;VH;3;A;18,6;401+;16,1;401+;99,4;33;45,8;318;9,6;401+;11,5;401+;39,2
  338=;  249=;UNIVERSITÄT ULM;DE;M;CO;VH;3;A;14,1;401+;15,5;401+;79,5;135;59,3;235;48,4;298;34,6;401+;39,2
  338=;  300=;UNIVERSITY AT BUFFALO SUNY;US;L;FC;VH;5;A;28,8;401+;13;401+;17,1;401+;78,5;113;70;206;72,7;173;39,2
  338=;401-410;UNIVERSITY OF WAIKATO;NZ;M;CO;VH;4;A;25,4;401+;49,6;303;23;401+;53,6;274;96,4;78;77,8;152;39,2
344;  335=;UNIVERSITY OF WARSAW ;PL;XL;CO;VH;5;A;50,9;221;64,4;195;40,6;401+;10,1;401+;17,4;401+;22,4;401+;39
  345=;393;TONGJI UNIVERSITY;CN;XL;FC;VH;5;A;37,2;344;46,6;329;35;401+;45,2;324;48,9;296;14,9;401+;38,9
  345=;  360=;AMERICAN UNIVERSITY IN CAIRO;EG;M;CO;HI;4;B;36,8;350;77,4;124;49,2;321;6,1;401+;93;113;12,5;401+;38,9
  346=;  390=;ASTON UNIVERSITY;UK;M;CO;VH;3;A;23,3;401+;53,5;278;22,6;401+;51;287;93,3;108;93;79;38,8
347;  267=;UNIVERSITY OF EASTERN FINLAND;FI;M;CO;VH;3;A;26,8;401+;21,7;401+;77,5;147;36,1;401+;46;305;15,9;401+;38,8
  348=;  314=;HIROSHIMA UNIVERSITY;JP;L;FC;VH;4;A;33,8;386;10,5;401+;88,1;91;23,8;401+;13,5;401+;15,1;401+;38,5
  348=;359;RENSSELAER POLYTECHNIC INSTITUTE;US;M;CO;VH;5;B;19,3;401+;25,4;401+;27,2;401+;98,1;24;11,7;401+;49,2;294;38,5
350;401-410;PONTIFICIA UNIVERSIDAD CATÓLICA ARGENTINA SANTA MARÍA DE LOS BUENOS AIRES (UCA);AR;L;FC;LO;4;B;35,5;363;86,2;87;69;190;1,4;401+;;;27,5;401+;38,4
  351=;  348=;UNIVERSITÄT BREMEN;DE;L;CO;VH;3;A;39,5;317;33,9;401+;53,7;288;21,3;401+;42,6;326;34,9;401+;38,2
  351=;312;UNIVERSIDADE NOVA DE LISBOA;PT;L;FC;HI;3;A;35,7;360;51,7;286;48;333;27,2;401+;39,5;340;32,3;401+;38,2
353;366;DUBLIN CITY UNIVERSITY (DCU);IE;M;CO;VH;3;A;24,1;401+;49;306;48,1;331;33,5;401+;84,5;152;58,8;233;38,1
354;  355=;EWHA WOMANS UNIVERSITY;KR;L;FC;HI;5;B;30,1;401+;32;401+;78,5;142;25,5;401+;14,2;401+;24;401+;38
355;  348=;IOWA STATE UNIVERSITY;US;XL;CO;VH;5;A;36,4;355;21,7;401+;20,7;401+;71;152;19,8;401+;34,7;401+;37,9
  356=;  363=;AALBORG UNIVERSITY;DK;L;FC;HI;3;A;33,5;387;57,6;242;29,7;401+;33,4;401+;69,4;211;48,7;298;37,8
  356=;362;TAMPERE UNIVERSITY OF TECHNOLOGY ;FI;M;CO;VH;3;A;16,7;401+;33,7;401+;89,2;86;24,8;401+;72,7;199;25,5;401+;37,8
  358=;  310=;UNIVERSITY OF INDONESIA;ID;XL;FC;MD;5;A;50,5;225;61,3;217;43,6;378;1,8;401+;38,7;344;5,7;401+;37,7
  358=;  259=;UNIVERSITY OF OULU;FI;M;FC;VH;4;A;30,2;401+;21,1;401+;61,4;245;43,1;347;42,4;328;7,5;401+;37,7
360;451-460;UNIVERSITY OF KENT;UK;L;CO;VH;4;A;27;401+;32,3;401+;40,5;401+;31,1;401+;94,8;93;89,1;97;37,6
  361=;  341=;UNIVERSITÉ AIX-MARSEILLE;FR;XL;FC;VH;5;A;58,3;187;19;401+;25,5;401+;22,7;401+;7,2;401+;44,8;328;37,5
  361=;  379=;WASHINGTON STATE UNIVERSITY;US;L;FC;VH;5;A;39,1;321;28,4;401+;32,6;401+;40,6;365;67,1;218;18,7;401+;37,5
  361=;  294=;KOBE UNIVERSITY;JP;L;FC;HI;4;A;38,4;331;34,1;401+;65,2;212;21,5;401+;12,1;401+;14,1;401+;37,5
  361=;308;UNIVERSITY OF SOUTHERN DENMARK;DK;L;FO;VH;3;A;29,7;401+;34;401+;47;343;31,9;401+;73,5;196;54,6;254;37,5
365;  399=;NORTHEASTERN UNIVERSITY;US;L;CO;VH;5;B;23,1;401+;49;308;37,9;401+;47,1;309;35,7;365;88,7;98;37,4
366;421-430;LEIBNIZ UNIVERSITÄT HANNOVER;DE;L;CO;VH;5;A;29,2;401+;41,1;375;2,7;401+;91,8;49;14,9;401+;32,9;401+;37,2
  367=;245;UNIVERSITÀ DI PISA;IT;XL;FC;HI;5;A;59,4;184;38,6;401+;12;401+;30,1;401+;7,8;401+;11,2;401+;37,1
  367=;351;UNIVERSITY OF COIMBRA;PT;L;FC;VH;5;A;44;272;36,4;401+;28,6;401+;37,2;396;26,8;401+;25,3;401+;37,1
  369=;  367=;UNIVERSITÉ PARIS DAUPHINE;FR;M;SP;HI;3;A;35,6;361;80;111;27,4;401+;13,2;401+;43,3;321;86;115;36,9
  369=;313;UNIVERSITY OF UTAH;US;L;FC;VH;5;A;23,8;401+;16,8;401+;45;362;68,5;163;29,9;401+;28,9;401+;36,9
371;  324=;L.N. GUMILYOV EURASIAN NATIONAL UNIVERSITY ;KZ;L;FO;MD;2;A;29,7;401+;27,9;401+;99,9;25;1,4;401+;27,7;401+;8,2;401+;36,8
372;  352=;STONY BROOK UNIVERSITY;US;L;FC;VH;4;A;26,4;401+;11,8;401+;50,5;311;49,4;295;13,1;401+;84,6;123;36,7
  373=;431-440;AMERICAN UNIVERSITY;US;M;CO;HI;5;B;34,9;366;70;155;43,3;383;21,6;401+;12,4;401+;38,3;381;36,6
  373=;411-420;LINCOLN UNIVERSITY ;NZ;S;CO;HI;5;A;11,1;401+;16,9;401+;70,6;181;38,9;376;81,7;162;88,3;102;36,6
375;  300=;JOHANNES GUTENBERG UNIVERSITÄT MAINZ;DE;XL;FC;HI;5;A;36,4;354;33,8;401+;49,2;320;25,2;401+;37,3;353;34,8;401+;36,5
  376=;;UNIVERSITÉ DE MONTPELLIER ;FR;XL;CO;VH;5;A;45,2;265;30,5;401+;17,8;401+;45,1;326;12,5;401+;40,1;359;36,4
  376=;411-420;NATIONAL TAIWAN NORMAL UNIVERSITY;TW;M;CO;VH;4;A;40,5;310;24,8;401+;53,3;291;16,1;401+;18,6;401+;56,5;247;36,4
  376=;441-450;NATIONAL TECHNICAL UNIVERSITY OF ATHENS;GR;M;FO;VH;5;A;33;391;64,4;194;21,6;401+;59;238;1,6;401+;9,9;401+;36,4
  379=;431-440;NATIONAL SUN YAT-SEN UNIVERSITY;TW;M;CO;VH;3;A;32,7;398;15,5;401+;29,6;401+;69,4;159;24,1;401+;9,4;401+;36,2
  379=;401-410;UNIVERSITY OF TASMANIA;AU;L;CO;VH;5;A;29,4;401+;20,3;401+;28,1;401+;42,5;351;85,1;149;79;144;36,2
  381=;451-460;BEIHANG UNIVERSITY;CN;L;CO;VH;4;A;24,4;401+;37,6;401+;51,8;301;58,5;243;2,7;401+;6;401+;36,1
  381=;  316=;BRANDEIS UNIVERSITY;US;M;CO;HI;4;B;19,1;401+;40,6;381;33,8;401+;63,4;198;22;401+;75,7;157;36,1
  381=;  397=;UNIVERSITÄT JENA;DE;L;FC;VH;5;A;30;401+;19;401+;70,1;184;29,4;401+;10,7;401+;34,6;401+;36,1
  384=;289;UNIVERSITÄT LEIPZIG;DE;L;FC;VH;5;A;41;307;24,6;401+;9,8;401+;63,1;202;16;401+;33,5;401+;36
  384=;501-550;UNIVERSITY OF STIRLING;UK;M;CO;VH;3;A;17,9;401+;21,3;401+;36;401+;62,2;206;71,5;202;67,8;194;36
  384=;  280=;YESHIVA UNIVERSITY;US;M;FC;VH;5;B;4;401+;8,9;401+;97,8;42;64,3;192;1,7;401+;18,5;401+;36
  387=;278;UNIVERSITÉ PARIS DESCARTES;FR;L;FC;VH;5;A;37,8;338;21,9;401+;31,6;401+;45,1;327;16,6;401+;46,6;312;35,9
  387=;401-410;INSTITUT NATIONAL DES SCIENCES APPLIQUÉES DE LYON (INSA);FR;M;FO;VH;4;A;16,8;401+;68,7;165;59,5;256;20,4;401+;41;331;84,1;125;35,9
  387=;350;JAMES COOK UNIVERSITY (JCU);AU;M;FC;VH;3;A;22,6;401+;31,6;401+;35,3;401+;48,7;299;91,4;120;45,5;319;35,9
390;401-410;UNIVERSITY OF CONNECTICUT;US;L;FC;VH;5;A;23,1;401+;19,9;401+;29,1;401+;66,3;177;84,4;153;23,9;401+;35,8
  391=;461-470;INDIAN INSTITUTE OF TECHNOLOGY ROORKEE (IITR);IN;M;FO;VH;5;A;24;401+;38,6;401+;18,8;401+;91,6;50;;;2,3;401+;35,7
  391=;  294=;TOKYO MEDICAL AND DENTAL UNIVERSITY ;JP;S;FO;VH;4;A;16,5;401+;10,2;401+;100;11;34,3;401+;5,2;401+;16,9;401+;35,7
393;  371=;UNIVERSITY OF KANSAS;US;L;FC;VH;5;A;23,6;401+;17,8;401+;76,4;151;32,7;401+;23,7;401+;26,4;401+;35,6
  394=;  399=;BILKENT UNIVERSITY;TR;M;CO;VH;3;;34,7;372;44,5;356;30,7;401+;37,4;394;59,2;250;9,6;401+;35,5
  394=;401-410;LA TROBE UNIVERSITY;AU;L;CO;VH;3;A;30,9;401+;41;376;19,3;401+;29,3;401+;93,7;102;92,1;84;35,5
  394=;  328=;UNIVERSITÄT MANNHEIM;DE;L;FO;VH;5;A;28,9;401+;88,5;78;25;401+;29,3;401+;32,6;384;50,8;282;35,5
  397=;441-450;UNIVERSITÉ PAUL SABATIER TOULOUSE III;FR;L;CO;VH;5;A;42,3;287;12,4;401+;61,9;244;10,6;401+;19;401+;29,1;401+;35,1
  397=;  399=;MOSCOW STATE INSTITUTE OF INTERNATIONAL RELATIONS – MGIMO UNIVERSITY ;RU;M;SP;LO;4;A;20,2;401+;47,9;320;97,6;44;1;401+;4,9;401+;43,2;342;35,1
  397=;401-410;NATIONAL CENTRAL UNIVERSITY;TW;M;CO;VH;4;A;30;401+;16,9;401+;43,1;388;54,8;264;19,2;401+;16,1;401+;35,1
  400=;461-470;SWANSEA UNIVERSITY;UK;L;FC;HI;4;A;21,8;401+;18,2;401+;46,4;351;41,9;360;63,9;235;71,3;180;35
400;  379=;UNIVERSITY OF TARTU;EE;M;FC;VH;5;A;32,5;401+;26,7;401+;67,5;199;19,5;401+;22,9;401+;14,3;401+;35
401-410;347;PONTIFICIA UNIVERSIDAD JAVERIANA;CO;XL;FC;MD;5;B;-;-;-;-;32,1;401+;2,1;401+;8,5;401+;4,4;401+;34,8
401-410;  305=;UNIVERSITÁ DEGLI STUDI DI ROMA - TOR VERGATA;IT;XL;CO;VH;3;A;-;-;-;-;13,2;401+;34,1;401+;17,6;401+;40,9;356;34,7
401-410;  367=;UNIVERSITY OF THE PHILIPPINES;PH;XL;FC;MD;5;A;-;-;-;-;45,3;358;2,4;401+;2,4;401+;2;401+;34,9
401-410;451-460;FLORIDA STATE UNIVERSITY;US;XL;FC;HI;5;A;-;-;-;-;17,9;401+;62;208;11,8;401+;9,9;401+;34,9
401-410;431-440;THE UNIVERSITY OF GEORGIA;US;XL;FC;VH;5;A;-;-;-;-;30,8;401+;48,2;303;29,1;401+;20,4;401+;34,4
401-410;441-450;XIAMEN UNIVERSITY;CN;XL;FC;VH;4;A;-;-;-;-;39,8;401+;47,9;305;13,9;401+;7;401+;34,9
401-410;501-550;BEIJING INSTITUTE OF TECHNOLOGY;CN;L;FO;VH;4;A;-;-;-;-;38,1;401+;44,9;331;10,2;401+;8,8;401+;34,5
401-410;396;CHRISTIAN-ALBRECHTS-UNIVERSITÄT ZU KIEL;DE;L;FC;VH;5;A;-;-;-;-;56,8;271;28,1;401+;17,5;401+;21,8;401+;34,5
401-410;  341=;JULIUS-MAXIMILIANS-UNIVERSITÄT WÜRZBURG;DE;L;FC;VH;5;A;-;-;-;-;25,7;401+;63;204;35,3;368;18,3;401+;34,7
401-410;  377=;UNIVERSITY OF TEXAS DALLAS ;US;L;CO;VH;3;A;-;-;-;-;10,6;401+;92,6;47;14;401+;57,6;242;34,6
411-420;  352=;UNIVERSITÀ DEGLI STUDI DI FIRENZE (UNIFI);IT;XL;FC;VH;4;A;-;-;-;-;18,4;401+;29,3;401+;10,8;401+;19,9;401+;34,3
411-420;  371=;JAGIELLONIAN UNIVERSITY;PL;XL;FC;HI;5;A;-;-;-;-;50,1;314;8;401+;5,2;401+;11,6;401+;34,2
411-420;501-550;SHANGHAI UNIVERSITY;CN;XL;CO;VH;2;A;-;-;-;-;34,7;401+;30,7;401+;13;401+;4,2;401+;34
411-420;421-430;UNIVERSIDAD POLITECNICA DE VALENCIA;ES;XL;CO;VH;3;A;-;-;-;-;38,9;401+;36;401+;7,7;401+;21,6;401+;34,3
411-420;  390=;AMERICAN UNIVERSITY OF SHARJAH;AE;M;FC;MD;2;B;-;-;-;-;27,7;401+;15,9;401+;100;3;100;2;33,9
411-420;471-480;BANGOR UNIVERSITY;UK;M;FC;HI;5;A;-;-;-;-;39,3;401+;54;268;69,5;209;71,3;178;34
411-420;441-450;COLORADO STATE UNIVERSITY;US;L;CO;VH;5;A;-;-;-;-;22,3;401+;56,9;251;26,5;401+;16,5;401+;34,2
411-420;461-470;CONCORDIA UNIVERSITY;CA;XL;CO;VH;3;A;-;-;-;-;10,8;401+;41;363;69,1;214;86,7;112;33,9
411-420;461-470;UNIVERSIDAD DE BELGRANO;AR;M;CO;LO;4;B;-;-;-;-;70,3;182;1,1;401+;10;401+;85,7;116;34,2
411-420;;UNIVERSITY OF COLORADO AT DENVER ;US;L;FC;VH;5;A;-;-;-;-;100;14;25,1;401+;9;401+;27,8;401+;34,1
421-430;  388=;RUHR-UNIVERSITÄT BOCHUM;DE;XL;FC;HI;4;A;-;-;-;-;23,4;401+;33;401+;39,6;339;41,6;352;33,8
421-430;421-430;TARAS SHEVCHENKO NATIONAL UNIVERSITY OF KYIV;UA;L;CO;HI;5;A;-;-;-;-;80,6;131;3,1;401+;1,5;401+;8,8;401+;33,7
421-430;491-500;BELARUS STATE UNIVERSITY;BY;L;FO;HI;4;A;-;-;-;-;88,7;89;1,8;401+;8,7;401+;29,9;401+;33,6
421-430;384;SOGANG UNIVERSITY;KR;M;CO;VH;4;B;-;-;-;-;50,5;310;24,4;401+;20,1;401+;14,7;401+;33,4
421-430;  379=;TAIPEI MEDICAL UNIVERSITY;TW;M;FO;VH;4;B;-;-;-;-;63,3;229;35,8;401+;27,2;401+;22;401+;33,8
421-430;501-550;TIANJIN UNIVERSITY;CN;L;CO;VH;5;A;-;-;-;-;45,4;357;51,3;283;7,7;401+;3,1;401+;33,3
421-430;  385=;UNITED ARAB EMIRATES UNIVERSITY;AE;M;FC;HI;3;A;-;-;-;-;37,9;401+;16,4;401+;100;12;86,8;111;33,2
421-430;431-440;UNIVERSITY OF DELAWARE;US;L;CO;VH;5;A;-;-;-;-;18;401+;86,1;75;39,7;337;33,3;401+;33,4
421-430;  338=;UNIVERSITY OF TROMSO;NO;M;FC;HI;3;A;-;-;-;-;92,5;70;18,5;401+;19,4;401+;24,7;401+;33,5
431-440;461-470;BANDUNG INSTITUTE OF TECHNOLOGY (ITB);ID;L;CO;HI;4;A;-;-;-;-;24,1;401+;3,3;401+;5,5;401+;3,3;401+;32,5
431-440;501-550;UNIVERSITÉ DU QUÉBEC;CA;XL;FC;HI;3;A;-;-;-;-;33,6;401+;14,7;401+;14,4;401+;15,4;401+;32,6
431-440;401-410;MIDDLE EAST TECHNICAL UNIVERSITY;TR;L;CO;VH;4;A;-;-;-;-;17,6;401+;30;401+;9,6;401+;17;401+;32,9
431-440;411-420;KARL-FRANZENS-UNIVERSITÄT GRAZ;AT;L;CO;HI;5;A;-;-;-;-;24,1;401+;26,2;401+;56,8;263;38,9;374;33
431-440;411-420;UNIVERSITÀ DEGLI STUDI DI TRENTO;IT;L;CO;VH;4;A;-;-;-;-;11,3;401+;60,5;222;45,5;308;22,4;401+;32,5
431-440;431-440;ILLINOIS INSTITUTE OF TECHNOLOGY;US;M;CO;VH;5;B;-;-;-;-;33,4;401+;46,4;315;20,8;401+;100;14;33
431-440;411-420;MOSCOW INSTITUTE OF PHYSICS AND TECHNOLOGY STATE UNIVERSITY;RU;M;FO;VH;4;A;-;-;-;-;99,1;38;5,7;401+;18,1;401+;38;383;32,7
431-440;451-460;OREGON STATE UNIVERSITY;US;L;CO;VH;5;A;-;-;-;-;39,5;401+;42,3;353;58,5;254;33,8;401+;32,9
431-440;;UNIVERSITY OF MARYLAND, BALTIMORE COUNTY;US;M;FC;VH;3;A;-;-;-;-;24,2;401+;85,9;78;15,1;401+;20,8;401+;33
431-440;  397=;UNIVERSITY OF NEW MEXICO;US;L;FC;VH;5;A;-;-;-;-;56,2;275;40,2;369;2,9;401+;7;401+;32,6
441-450;  363=;UNIVERSITÉ DE BORDEAUX;FR;XL;FO;VH;5;A;-;-;-;-;22,8;401+;13,9;401+;28,4;401+;29,4;401+;32
441-450;345;UNIVERSITÀ DEGLI STUDI DI NAPOLI FEDERICO II;IT;XL;FC;VH;5;A;-;-;-;-;4,5;401+;55,5;258;2;401+;1,8;401+;32
441-450;421-430;YORK UNIVERSITY;CA;XL;CO;VH;4;A;-;-;-;-;17;401+;25,4;401+;36,7;358;20,4;401+;32,2
441-450;461-470;RENMIN (PEOPLE’S) UNIVERSITY OF CHINA;CN;L;FO;VH;4;A;-;-;-;-;43,9;374;8;401+;12,4;401+;12,6;401+;32,1
441-450;431-440;PUSAN NATIONAL UNIVERSITY;KR;L;FC;VH;4;A;-;-;-;-;43,3;382;27,8;401+;11,6;401+;13,3;401+;32
441-450;441-450;ABO AKADEMI UNIVERSITY;FI;M;CO;VH;4;A;-;-;-;-;42,4;391;44,1;335;45;312;51,9;274;32
441-450;  399=;BOGAZIÇI ÜNIVERSITESI;TR;M;CO;VH;5;A;-;-;-;-;13,8;401+;45;329;30,5;397;21,5;401+;32,2
441-450;481-490;HUAZHONG UNIVERSITY OF SCIENCE AND TECHNOLOGY;CN;XL;FC;VH;4;A;-;-;-;-;23,5;401+;53,9;271;4,4;401+;9,9;401+;32,3
441-450;471-480;SABANCI UNIVERSITY;TR;S;FO;VH;2;;-;-;-;-;53,4;289;26;401+;52,6;282;21,1;401+;32,3
441-450;;UNIVERSIDAD EXTERNADO DE COLOMBIA;CO;M;CO;LO;5;C;-;-;-;-;99,6;30;1;401+;14,4;401+;;;32
441-450;  385=;UNIVERSITY OF TAMPERE;FI;M;CO;VH;4;A;-;-;-;-;58;262;20,5;401+;23,8;401+;18,9;401+;32,2
451-460;451-460;UNIVERSIDAD DE SANTIAGO DE CHILE (USACH);CL;L;FC;MD;5;A;-;-;-;-;15,4;401+;6,8;401+;7,6;401+;1,6;401+;31,9
451-460;471-480;UNIVERSIDADE FEDERAL DO RIO GRANDE DO SUL;BR;XL;FC;VH;5;A;-;-;-;-;24,7;401+;20,5;401+;100;7;;;31,6
451-460;501-550;GOLDSMITHS, UNIVERSITY OF LONDON;UK;M;FO;HI;5;A;-;-;-;-;26,1;401+;7,2;401+;79,3;175;98,1;38;31,5
451-460;411-420;CZECH TECHNICAL UNIVERSITY IN PRAGUE;CZ;L;SP;VH;5;A;-;-;-;-;33;401+;12,1;401+;7,3;401+;39,4;369;31,5
451-460;551-600;INDIAN INSTITUTE OF TECHNOLOGY GUWAHATI (IITG);IN;S;CO;VH;2;A;-;-;-;-;32,3;401+;74,9;136;1,3;401+;2,3;401+;31,1
451-460;501-550;JILIN UNIVERSITY;CN;XL;FC;VH;4;A;-;-;-;-;39,3;401+;38;385;24;401+;4,6;401+;31,8
451-460;481-490;UNIVERSITÄT BAYREUTH;DE;L;CO;HI;3;A;-;-;-;-;47,8;334;36,5;401+;39,7;336;21;401+;31,4
451-460;551-600;UNIVERSITY OF NEBRASKA;US;L;CO;VH;5;A;-;-;-;-;36,4;401+;45,7;322;72,7;200;35,5;401+;31,4
451-460;481-490;UNIVERSITY OF SASKATCHEWAN;CA;L;FC;HI;5;A;-;-;-;-;36,2;401+;42,2;356;42,3;329;50,8;283;31,1
451-460;431-440;UNIVERSITY OF TENNESSEE;US;L;FC;VH;5;A;-;-;-;-;48,2;329;55,1;262;9,5;401+;8,5;401+;31,5
461-470;471-480;CITY UNIVERSITY OF NEW YORK;US;XL;CO;VH;5;A;-;-;-;-;23,2;401+;14,6;401+;9,1;401+;16;401+;30,9
461-470;461-470;UNIVERSIDAD DE GRANADA;ES;XL;FC;VH;5;A;-;-;-;-;21,8;401+;23,4;401+;5,4;401+;29,2;401+;31
461-470;461-470;ARISTOTLE UNIVERSITY OF THESSALONIKI;GR;XL;FC;HI;4;A;-;-;-;-;7,1;401+;37,4;393;2,2;401+;21,9;401+;30,8
461-470;431-440;CHANG GUNG UNIVERSITY;TW;M;FO;VH;3;B;-;-;-;-;74,6;160;59,7;229;6;401+;7,7;401+;31
461-470;441-450;CHUNG-ANG UNIVERSITY ;KR;L;FC;HI;4;B;-;-;-;-;82,5;119;10,7;401+;17,1;401+;36,7;396;30,8
461-470;  385=;POLITÉCNICA DE MADRID;ES;XL;SP;VH;3;A;-;-;-;-;46,5;350;15,6;401+;3,3;401+;31,7;401+;30,8
461-470;551-600;SOUTHEAST UNIVERSITY;CN;XL;FC;VH;5;A;-;-;-;-;40,7;401+;60,1;227;6,9;401+;8;401+;31
461-470;395;UNIVERSITÄT REGENSBURG;DE;L;CO;VH;4;A;-;-;-;-;39,9;401+;43,3;345;42,6;327;18,5;401+;30,9
461-470;  338=;WAKE FOREST UNIVERSITY;US;M;FC;VH;5;B;-;-;-;-;99,9;26;29,5;401+;7,9;401+;20,8;401+;30,8
471-480;  377=;UNIVERSITÀ CATTOLICA DEL SACRO CUORE;IT;XL;CO;VH;4;B;-;-;-;-;20;401+;19,5;401+;19,5;401+;27,7;401+;30,7
471-480;  701+;EAST CHINA UNIVERSITY OF SCIENCE AND TECHNOLOGY;CN;L;CO;VH;4;A;-;-;-;-;30,2;401+;86,9;71;;;4,8;401+;30,4
471-480;401-410;INSTITUTO TECNOLÓGICO DE BUENOS AIRES (ITBA);AR;S;CO;MD;4;C;-;-;-;-;81,1;129;1,8;401+;12,9;401+;8,8;401+;30,7
471-480;501-550;KINGSTON UNIVERSITY, LONDON;UK;L;CO;HI;5;A;-;-;-;-;19;401+;12,3;401+;61,5;241;98,4;36;30,4
471-480;601-650;SHARIF UNIVERSITY OF TECHNOLOGY;IR;M;FO;VH;4;A;-;-;-;-;13,2;401+;97,5;26;;;1,6;401+;30,4
471-480;481-490;ST. PETERSBURG STATE POLYTECHNICAL UNIVERSITY;RU;L;FO;VH;5;A;-;-;-;-;93,7;62;2,3;401+;6,8;401+;33,9;401+;30,4
471-480;481-490;UNIVERSITÉ LILLE 1, SCIENCES ET TECHNOLOGIE;FR;L;FO;VH;5;A;-;-;-;-;25,2;401+;34,6;401+;27,2;401+;69;190;30,5
471-480;431-440;UNIVERSITY OF GUELPH;CA;L;CO;VH;4;A;-;-;-;-;19,6;401+;46,8;313;50;290;22,1;401+;30,6
471-480;501-550;UNIVERSITY OF LIMERICK (UL);IE;M;FC;HI;3;A;-;-;-;-;32,1;401+;31,1;401+;93,6;103;29,2;401+;30,4
471-480;451-460;UNIVERSITY OF OKLAHOMA;US;L;FC;VH;5;A;-;-;-;-;65,8;208;23,7;401+;37,2;356;19,1;401+;30,7
481-490;421-430;UNIVERSITY OF DELHI;IN;XL;FC;HI;4;A;-;-;-;-;7,2;401+;3,2;401+;1,7;401+;1,9;401+;29,7
481-490;501-550;UNIVERSITY OF LISBON ;PT;XL;CO;VH;5;A;-;-;-;-;24;401+;9,3;401+;6,4;401+;26,5;401+;30,2
481-490;401-410;UNIVERSITÉ CLAUDE BERNARD LYON 1;FR;XL;FC;HI;5;A;-;-;-;-;22,6;401+;37,5;392;9,6;401+;30,4;401+;30,2
481-490;421-430;"UNIVERSIDADE ESTADUAL PAULISTA ""JÚLIO DE MESQUITA FILHO""";BR;XL;FC;VH;3;A;-;-;-;-;53,8;287;12,7;401+;8,3;401+;3,9;401+;30,3
481-490;501-550;AUCKLAND UNIVERSITY OF TECHNOLOGY ;NZ;L;CO;HI;2;A;-;-;-;-;24,3;401+;12,3;401+;94;100;95,5;61;30,1
481-490;441-450;KHALIFA UNIVERSITY;AE;S;SP;MD;1;A;-;-;-;-;84;113;9,7;401+;100;6;57,9;240;30,3
481-490;461-470;KOÇ UNIVERSITY ;TR;M;CO;HI;2;;-;-;-;-;41,4;400;29,8;401+;39,6;338;12,2;401+;30,3
481-490;551-600;QATAR UNIVERSITY;QA;M;FC;HI;3;A;-;-;-;-;53,3;292;9;401+;100;11;99,7;21;29,7
481-490;501-550;TOMSK POLYTECHNIC UNIVERSITY;RU;M;SP;MD;5;A;-;-;-;-;91,4;76;2;401+;12,8;401+;68,1;193;29,9
481-490;491-500;TOMSK STATE UNIVERSITY;RU;M;CO;VH;5;A;-;-;-;-;74;164;3,1;401+;25;401+;46,6;313;30,2
491-500;501-550;PONTIFICIA UNIVERSIDAD CATÓLICA DEL PERÚ;PE;L;FO;MD;4;B;-;-;-;-;21,3;401+;2,2;401+;6,3;401+;4;401+;29,3
491-500;551-600;UNIVERSIDADE DE BRASILIA;BR;L;FC;HI;4;A;-;-;-;-;44;373;7;401+;23,6;401+;2,3;401+;29,2
491-500;501-550;ARABIAN GULF UNIVERSITY;BH;S;CO;MD;3;A;-;-;-;-;73,7;166;3,5;401+;100;42;100;4;29,5
491-500;481-490;HANKUK UNIVERSITY OF FOREIGN STUDIES ;KR;L;CO;MD;4;B;-;-;-;-;70,7;180;2,7;401+;38,7;345;29,2;401+;29,3
491-500;491-500;PHILIPPS-UNIVERSITÄT MARBURG ;DE;L;FC;HI;5;A;-;-;-;-;36,9;401+;29,6;401+;25,4;401+;24,1;401+;29,2
491-500;;SICHUAN UNIVERSITY;CN;XL;FC;VH;4;A;-;-;-;-;36,5;401+;34,5;401+;3;401+;10,5;401+;29,5
491-500;491-500;TECHNISCHE UNIVERSITÄT DORTMUND;DE;L;CO;VH;3;A;-;-;-;-;28;401+;21,3;401+;21,7;401+;26;401+;29,5
491-500;441-450;TOKYO METROPOLITAN UNIVERSITY;JP;M;CO;VH;4;A;-;-;-;-;19,9;401+;71,3;150;10;401+;8,7;401+;29,3
491-500;421-430;TULANE UNIVERSITY;US;M;FC;VH;5;B;-;-;-;-;69,6;186;30,9;401+;14,7;401+;29,7;401+;29,2
491-500;601-650;UNIVERSIDAD DE PALERMO;AR;M;FO;MD;3;B;-;-;-;-;58,8;259;1,2;401+;40,1;335;93,1;78;29,2
491-500;501-550;UNIVERSIDAD DE ZARAGOZA;ES;XL;FC;HI;5;A;-;-;-;-;47,8;336;21,4;401+;5,2;401+;15;401+;29,4
491-500;421-430;UNIVERSIDADE FEDERAL DE SÃO PAULO (UNIFESP);BR;M;FC;VH;4;A;-;-;-;-;74,3;162;23,3;401+;11,5;401+;2,5;401+;29,4
491-500;481-490;V.N. KARAZIN KHARKIV NATIONAL UNIVERSITY;UA;L;FC;MD;5;A;-;-;-;-;81,8;123;2,4;401+;1,2;401+;90,1;92;29,5
501-550;451-460;UNIVERSIDAD NACIONAL DE LA PLATA;AR;XL;FC;HI;5;A;-;-;-;-;-;-;-;-;-;-;-;-;-
501-550;501-550;PONTIFICIA UNIVERSIDADE CATÓLICA DO RIO DE JANEIRO - PUC - RIO;BR;L;CO;HI;4;B;-;-;-;-;-;-;-;-;-;-;-;-;-
501-550;551-600;CAIRO UNIVERSITY;EG;XL;FC;HI;5;A;-;-;-;-;-;-;-;-;-;-;-;-;-
501-550;481-490;UNIVERSIDAD DE COSTA RICA;CR;XL;CO;MD;4;A;-;-;-;-;-;-;-;-;-;-;-;-;-
501-550;501-550;UNIVERSIDAD DE SEVILLA;ES;XL;FC;HI;5;A;-;-;-;-;-;-;-;-;-;-;-;-;-
501-550;501-550;UNIVERSITAT DE VALENCIA;ES;XL;FC;HI;5;A;-;-;-;-;-;-;-;-;-;-;-;-;-
501-550;394;UNIVERSITÀ DEGLI STUDI DI TORINO (UNITO);IT;XL;FC;VH;5;A;-;-;-;-;-;-;-;-;-;-;-;-;-
501-550;471-480;UNIVERSITY OF PRETORIA;ZA;XL;FC;HI;5;A;-;-;-;-;-;-;-;-;-;-;-;-;-
501-550;471-480;UNIVERSIDAD CATÓLICA ANDRÉS BELLO - UCAB;VE;L;FO;LO;4;B;-;-;-;-;-;-;-;-;-;-;-;-;-
501-550;501-550;UNIVERSITÄT BIELEFELD;DE;L;CO;VH;3;A;-;-;-;-;-;-;-;-;-;-;-;-;-
501-550;461-470;ATENEO DE MANILA UNIVERSITY;PH;L;FC;LO;5;B;-;-;-;-;-;-;-;-;-;-;-;-;-
501-550;601-650;ABERYSTWYTH UNIVERSITY;UK;M;CO;VH;5;A;-;-;-;-;-;-;-;-;-;-;-;-;-
501-550;471-480;BOND UNIVERSITY;AU;S;FC;HI;3;B;-;-;-;-;-;-;-;-;-;-;-;-;-
501-550;501-550;CARLETON UNIVERSITY;CA;L;CO;VH;4;A;-;-;-;-;-;-;-;-;-;-;-;-;-
501-550;551-600;CHONBUK NATIONAL UNIVERSITY;KR;L;FC;HI;4;A;-;-;-;-;-;-;-;-;-;-;-;-;-
501-550;651-700;CLARK UNIVERSITY;US;S;CO;HI;5;B;-;-;-;-;-;-;-;-;-;-;-;-;-
501-550;551-600;DONGGUK UNIVERSITY ;KR;L;FC;HI;5;B;-;-;-;-;-;-;-;-;-;-;-;-;-
501-550;551-600;DREXEL UNIVERSITY;US;L;FC;HI;5;B;-;-;-;-;-;-;-;-;-;-;-;-;-
501-550;481-490;FLINDERS UNIVERSITY;AU;L;FC;HI;3;A;-;-;-;-;-;-;-;-;-;-;-;-;-
501-550;501-550;KEELE UNIVERSITY ;UK;M;FC;HI;4;A;-;-;-;-;-;-;-;-;-;-;-;-;-
501-550;601-650;LEHIGH UNIVERSITY;US;M;CO;VH;5;B;-;-;-;-;-;-;-;-;-;-;-;-;-
501-550;551-600;MICHIGAN TECHNOLOGICAL UNIVERSITY;US;M;CO;VH;5;A;-;-;-;-;-;-;-;-;-;-;-;-;-
501-550;651-700;MISSOURI UNIVERSITY OF SCIENCE AND TECHNOLOGY;US;M;CO;VH;5;A;-;-;-;-;-;-;-;-;-;-;-;-;-
501-550;501-550;NATIONAL CHUNG HSING UNIVERSITY;TW;L;CO;VH;4;A;-;-;-;-;-;-;-;-;-;-;-;-;-
501-550;481-490;"NATIONAL RESEARCH NUCLEAR UNIVERSITY ""MEPHI"" (MOSCOW ENGINEERING PHYSICS INSTITUTE)";RU;M;FO;VH;4;A;-;-;-;-;-;-;-;-;-;-;-;-;-
501-550;501-550;NATIONAL RESEARCH UNIVERSITY - HIGHER SCHOOL OF ECONOMICS (HSE);RU;L;FO;HI;2;A;-;-;-;-;-;-;-;-;-;-;-;-;-
501-550;481-490;NATIONAL UNIVERSITY OF SCIENCES AND TECHNOLOGY (NUST) ISLAMABAD;PK;M;CO;VH;2;A;-;-;-;-;-;-;-;-;-;-;-;-;-
501-550;551-600;PONTIFICIA UNIVERSIDADE CATÓLICA DE SÃO PAULO (PUC-SP);BR;M;FC;MD;4;B;-;-;-;-;-;-;-;-;-;-;-;-;-
501-550;601-650;RHODES UNIVERSITY ;ZA;S;CO;VH;5;A;-;-;-;-;-;-;-;-;-;-;-;-;-
501-550;601-650;SULTAN QABOOS UNIVERSITY;OM;M;FC;HI;3;A;-;-;-;-;-;-;-;-;-;-;-;-;-
501-550;551-600;SWINBURNE UNIVERSITY OF TECHNOLOGY;AU;L;CO;VH;2;A;-;-;-;-;-;-;-;-;-;-;-;-;-
501-550;601-650;SYRACUSE UNIVERSITY;US;L;CO;VH;5;B;-;-;-;-;-;-;-;-;-;-;-;-;-
501-550;501-550;TECHNISCHE UNIVERSITÄT BRAUNSCHWEIG;DE;L;CO;VH;5;A;-;-;-;-;-;-;-;-;-;-;-;-;-
501-550;421-430;UNIVERSIDAD DE SAN ANDRÉS;AR;S;SP;LO;3;B;-;-;-;-;-;-;-;-;-;-;-;-;-
501-550;  371=;UNIVERSITÀ DEGLI STUDI DI PAVIA (UNIPV);IT;L;FC;HI;5;A;-;-;-;-;-;-;-;-;-;-;-;-;-
501-550;441-450;UNIVERSITÄT DES SAARLANDES;DE;L;FC;HI;4;A;-;-;-;-;-;-;-;-;-;-;-;-;-
501-550;551-600;UNIVERSITÉ DE RENNES 1;FR;L;CO;VH;5;A;-;-;-;-;-;-;-;-;-;-;-;-;-
501-550;471-480;UNIVERSITY OF CINCINNATI;US;L;FC;VH;5;A;-;-;-;-;-;-;-;-;-;-;-;-;-
501-550;451-460;UNIVERSITY OF CRETE;GR;L;FC;HI;3;A;-;-;-;-;-;-;-;-;-;-;-;-;-
501-550;551-600;UNIVERSITY OF HOUSTON;US;XL;CO;VH;4;A;-;-;-;-;-;-;-;-;-;-;-;-;-
501-550;451-460;UNIVERSITY OF MISSOURI, COLUMBIA;US;XL;FC;HI;5;A;-;-;-;-;-;-;-;-;-;-;-;-;-
501-550;551-600;UNIVERSITY OF OREGON;US;L;CO;VH;5;A;-;-;-;-;-;-;-;-;-;-;-;-;-
501-550;501-550;UNIVERSITY OF SOUTH CAROLINA AT COLUMBIA;US;L;FC;VH;5;A;-;-;-;-;-;-;-;-;-;-;-;-;-
501-550;481-490;UNIVERSITY OF SOUTH FLORIDA;US;XL;CO;VH;4;A;-;-;-;-;-;-;-;-;-;-;-;-;-
501-550;551-600;UNIVERSITY OF SZEGED;HU;L;FC;HI;5;A;-;-;-;-;-;-;-;-;-;-;-;-;-
501-550;551-600;VILNIUS UNIVERSITY ;LT;L;FC;HI;5;A;-;-;-;-;-;-;-;-;-;-;-;-;-
501-550;;WAYNE STATE UNIVERSITY;US;L;FC;VH;5;A;-;-;-;-;-;-;-;-;-;-;-;-;-
551-600;501-550;EAST CHINA NORMAL UNIVERSITY;CN;XL;CO;VH;4;A;-;-;-;-;-;-;-;-;-;-;-;-;-
551-600;551-600;UNIVERSITAS GADJAH MADA;ID;XL;FC;MD;4;A;-;-;-;-;-;-;-;-;-;-;-;-;-
551-600;501-550;UNIVERSIDAD NACIONAL DE CÓRDOBA;AR;XL;CO;HI;5;A;-;-;-;-;-;-;-;-;-;-;-;-;-
551-600;451-460;UNIVERSIDADE FEDERAL DE MINAS GERAIS;BR;XL;FC;VH;5;A;-;-;-;-;-;-;-;-;-;-;-;-;-
551-600;501-550;CHIANG MAI UNIVERSITY;TH;XL;FC;HI;4;A;-;-;-;-;-;-;-;-;-;-;-;-;-
551-600;481-490;UNIVERSIDAD DE SALAMANCA;ES;XL;FC;HI;5;A;-;-;-;-;-;-;-;-;-;-;-;-;-
551-600;501-550;AL-IMAM MOHAMED IBN SAUD ISLAMIC UNIVERSITY;SA;XL;CO;MD;4;A;-;-;-;-;-;-;-;-;-;-;-;-;-
551-600;601-650;AMERICAN UNIVERSITY IN DUBAI;AE;S;FO;MD;2;B;-;-;-;-;-;-;-;-;-;-;-;-;-
551-600;551-600;CHARLES DARWIN UNIVERSITY ;AU;M;CO;HI;2;A;-;-;-;-;-;-;-;-;-;-;-;-;-
551-600;491-500;CHIBA UNIVERSITY;JP;L;FC;HI;5;A;-;-;-;-;-;-;-;-;-;-;-;-;-
551-600;551-600;COLLEGE OF WILLIAM & MARY;US;M;CO;VH;5;A;-;-;-;-;-;-;-;-;-;-;-;-;-
551-600;551-600;INHA UNIVERSITY;KR;L;FC;HI;4;B;-;-;-;-;-;-;-;-;-;-;-;-;-
551-600;651-700;INSTITUTO TECNOLÓGICO AUTONOMO DE MÉXICO (ITAM);MX;M;FO;MD;4;B;-;-;-;-;-;-;-;-;-;-;-;-;-
551-600;501-550;INTERNATIONAL ISLAMIC UNIVERSITY MALAYSIA (IIUM);MY;L;FC;HI;3;A;-;-;-;-;-;-;-;-;-;-;-;-;-
551-600;501-550;ISTANBUL TECHNICAL UNIVERSITY;TR;XL;FO;VH;5;A;-;-;-;-;-;-;-;-;-;-;-;-;-
551-600;551-600;JOHANNES KEPLER UNIVERSITÄT LINZ (JKU);AT;L;CO;HI;3;A;-;-;-;-;-;-;-;-;-;-;-;-;-
551-600;501-550;KANAZAWA UNIVERSITY;JP;M;FC;VH;4;A;-;-;-;-;-;-;-;-;-;-;-;-;-
551-600;601-650;KAZAKH NATIONAL TECHNICAL UNIVERSITY AFTER K.I.SATPAYEV    ;KZ;M;FO;MD;4;A;-;-;-;-;-;-;-;-;-;-;-;-;-
551-600;551-600;KAZAN FEDERAL UNIVERSITY;RU;XL;FO;VH;5;A;-;-;-;-;-;-;-;-;-;-;-;-;-
551-600;601-650;KING KHALID UNIVERSITY;SA;XL;FC;MD;2;A;-;-;-;-;-;-;-;-;-;-;-;-;-
551-600;601-650;MARTIN-LUTHER-UNIVERSITÄT HALLE-WITTENBERG;DE;L;FC;HI;5;A;-;-;-;-;-;-;-;-;-;-;-;-;-
551-600;551-600;MASARYK UNIVERSITY;CZ;XL;CO;HI;4;A;-;-;-;-;-;-;-;-;-;-;-;-;-
551-600;601-650;MAYNOOTH UNIVERSITY;IE;M;FO;VH;5;A;-;-;-;-;-;-;-;-;-;-;-;-;-
551-600;551-600;MURDOCH UNIVERSITY;AU;M;CO;VH;3;A;-;-;-;-;-;-;-;-;-;-;-;-;-
551-600;551-600;NAGASAKI UNIVERSITY;JP;M;CO;VH;4;A;-;-;-;-;-;-;-;-;-;-;-;-;-
551-600;551-600;NATIONAL TAIPEI UNIVERSITY OF TECHNOLOGY;TW;M;FO;VH;5;A;-;-;-;-;-;-;-;-;-;-;-;-;-
551-600;501-550;OKAYAMA UNIVERSITY;JP;L;FC;HI;5;A;-;-;-;-;-;-;-;-;-;-;-;-;-
551-600;551-600;SHANDONG UNIVERSITY;CN;XL;FC;VH;5;A;-;-;-;-;-;-;-;-;-;-;-;-;-
551-600;;SOUTH CHINA UNIVERSITY OF TECHNOLOGY;CN;XL;CO;VH;4;A;-;-;-;-;-;-;-;-;-;-;-;-;-
551-600;501-550;THE CATHOLIC UNIVERSITY OF KOREA ;KR;M;FC;VH;5;B;-;-;-;-;-;-;-;-;-;-;-;-;-
551-600;601-650;TOKYO UNIVERSITY OF AGRICULTURE AND TECHNOLOGY ;JP;M;FO;VH;4;A;-;-;-;-;-;-;-;-;-;-;-;-;-
551-600;551-600;UMM AL-QURA UNIVERSITY (UQU);SA;XL;FC;MD;4;A;-;-;-;-;-;-;-;-;-;-;-;-;-
551-600;551-600;UNIVERSIDADE DE SANTIAGO DE COMPOSTELA;ES;L;CO;VH;5;A;-;-;-;-;-;-;-;-;-;-;-;-;-
551-600;501-550;UNIVERSITÄT DUISBURG-ESSEN;DE;XL;FC;HI;3;A;-;-;-;-;-;-;-;-;-;-;-;-;-
551-600;411-420;UNIVERSITÄT DÜSSELDORF;DE;XL;FC;HI;4;A;-;-;-;-;-;-;-;-;-;-;-;-;-
551-600;;UNIVERSITÄT ROSTOCK;DE;L;FC;HI;5;A;-;-;-;-;-;-;-;-;-;-;-;-;-
551-600;501-550;UNIVERSITÉ NICE SOPHIA-ANTIPOLIS;FR;L;FC;HI;4;A;-;-;-;-;-;-;-;-;-;-;-;-;-
551-600;601-650;UNIVERSITY OF BRADFORD;UK;M;CO;VH;3;A;-;-;-;-;-;-;-;-;-;-;-;-;-
551-600;651-700;UNIVERSITY OF CANBERRA ;AU;M;CO;HI;3;A;-;-;-;-;-;-;-;-;-;-;-;-;-
551-600;551-600;UNIVERSITY OF HULL;UK;L;FC;HI;4;A;-;-;-;-;-;-;-;-;-;-;-;-;-
551-600;501-550;UNIVERSITY OF KENTUCKY;US;L;FC;VH;5;A;-;-;-;-;-;-;-;-;-;-;-;-;-
551-600;501-550;UNIVERSITY OF KWAZULU-NATAL;ZA;L;FC;HI;3;A;-;-;-;-;-;-;-;-;-;-;-;-;-
551-600;501-550;UNIVERSITY OF LJUBLJANA;SI;XL;FC;HI;4;A;-;-;-;-;-;-;-;-;-;-;-;-;-
551-600;501-550;UNIVERSITY OF MANITOBA;CA;L;FC;VH;5;A;-;-;-;-;-;-;-;-;-;-;-;-;-
551-600;;UNIVERSITY OF MASSACHUSETTS - BOSTON ;US;M;CO;VH;5;A;-;-;-;-;-;-;-;-;-;-;-;-;-
551-600;375;UNIVERSITY OF MISSISSIPPI;US;L;CO;VH;5;A;-;-;-;-;-;-;-;-;-;-;-;-;-
551-600;  701+;UNIVERSITY OF SCIENCE AND TECHNOLOGY BEIJING;CN;L;CO;VH;4;A;-;-;-;-;-;-;-;-;-;-;-;-;-
551-600;651-700;UNIVERSITY OF TEHRAN;IR;XL;CO;VH;4;A;-;-;-;-;-;-;-;-;-;-;-;-;-
551-600;551-600;UNIVERSITY OF ULSTER;UK;L;CO;HI;3;A;-;-;-;-;-;-;-;-;-;-;-;-;-
551-600;481-490;UNIVERSITY OF VERMONT;US;M;FC;VH;5;A;-;-;-;-;-;-;-;-;-;-;-;-;-
551-600;651-700;WORCESTER POLYTECHNIC INSTITUTE;US;S;CO;VH;5;B;-;-;-;-;-;-;-;-;-;-;-;-;-
601-650;501-550;UNIVERSIDAD DE ANTIOQUIA;CO;XL;FC;MD;5;A;-;-;-;-;-;-;-;-;-;-;-;-;-
601-650;601-650;UNIVERSIDAD DE CONCEPCIÓN;CL;L;FC;HI;4;B;-;-;-;-;-;-;-;-;-;-;-;-;-
601-650;601-650;PONTIFICIA UNIVERSIDAD CATÓLICA DE VALPARAÍSO;CL;L;FC;MD;4;B;-;-;-;-;-;-;-;-;-;-;-;-;-
601-650;651-700;BAR-ILAN UNIVERSITY;IL;L;FC;HI;4;A;-;-;-;-;-;-;-;-;-;-;-;-;-
601-650;651-700;BRNO UNIVERSITY OF TECHNOLOGY;CZ;L;FO;VH;5;A;-;-;-;-;-;-;-;-;-;-;-;-;-
601-650;651-700;CLARKSON UNIVERSITY;US;S;CO;VH;5;B;-;-;-;-;-;-;-;-;-;-;-;-;-
601-650;551-600;DUBLIN INSTITUTE OF TECHNOLOGY (DIT);IE;L;CO;HI;3;A;-;-;-;-;-;-;-;-;-;-;-;-;-
601-650;601-650;EOTVOS LORAND UNIVERSITY;HU;L;FO;VH;5;A;-;-;-;-;-;-;-;-;-;-;-;-;-
601-650;551-600;INSTITUTO POLITÉCNICO NACIONAL (IPN);MX;XL;CO;VH;4;A;-;-;-;-;-;-;-;-;-;-;-;-;-
601-650;651-700;JORDAN UNIVERSITY OF SCIENCE AND TECHNOLOGY;JO;L;CO;HI;3;A;-;-;-;-;-;-;-;-;-;-;-;-;-
601-650;551-600;JUSTUS-LIEBIG-UNIVERSITÄT GIEßEN;DE;L;FC;HI;5;A;-;-;-;-;-;-;-;-;-;-;-;-;-
601-650;651-700;KAZAKH NATIONAL PEDAGOGICAL UNIVERSITY ABAI;KZ;M;CO;LO;4;A;-;-;-;-;-;-;-;-;-;-;-;-;-
601-650;601-650;KUMAMOTO UNIVERSITY;JP;M;FC;VH;4;A;-;-;-;-;-;-;-;-;-;-;-;-;-
601-650;551-600;KYUNGPOOK NATIONAL UNIVERSITY;KR;L;FC;VH;4;A;-;-;-;-;-;-;-;-;-;-;-;-;-
601-650;;LANZHOU UNIVERSITY;CN;XL;CO;VH;5;A;-;-;-;-;-;-;-;-;-;-;-;-;-
601-650;601-650;LINGNAN UNIVERSITY (HONG KONG);HK;S;SP;HI;5;A;-;-;-;-;-;-;-;-;-;-;-;-;-
601-650;501-550;LOUISIANA STATE UNIVERSITY;US;L;CO;VH;5;A;-;-;-;-;-;-;-;-;-;-;-;-;-
601-650;651-700;MEMORIAL UNIVERSITY OF NEWFOUNDLAND;CA;L;FC;HI;4;A;-;-;-;-;-;-;-;-;-;-;-;-;-
601-650;491-500;NATIONAL AND KAPODISTRIAN UNIVERSITY OF ATHENS;GR;XL;FC;VH;5;A;-;-;-;-;-;-;-;-;-;-;-;-;-
601-650;601-650;NATIONAL RESEARCH SARATOV STATE UNIVERSITY;RU;L;CO;MD;5;A;-;-;-;-;-;-;-;-;-;-;-;-;-
601-650;551-600;"NATIONAL TECHNICAL UNIVERSITY OF UKRAINE ""KYIV POLYTECHNIC INSTITUTE""";UA;L;FO;HI;5;A;-;-;-;-;-;-;-;-;-;-;-;-;-
601-650;601-650;NEW SCHOOL UNIVERSITY;US;M;FO;HI;4;B;-;-;-;-;-;-;-;-;-;-;-;-;-
601-650;471-480;PEOPLE'S FRIENDSHIP UNIVERSITY OF RUSSIA;RU;L;FC;MD;4;A;-;-;-;-;-;-;-;-;-;-;-;-;-
601-650;601-650;RUTGERS - THE STATE UNIVERSITY OF NEW JERSEY, NEWARK;US;M;CO;HI;4;A;-;-;-;-;-;-;-;-;-;-;-;-;-
601-650;601-650;SOUTHERN FEDERAL UNIVERSITY;RU;L;CO;HI;5;A;-;-;-;-;-;-;-;-;-;-;-;-;-
601-650;  701+;STEVENS INSTITUTE OF TECHNOLOGY;US;M;CO;HI;5;B;-;-;-;-;-;-;-;-;-;-;-;-;-
601-650;501-550;TALLINN UNIVERSITY OF TECHNOLOGY;EE;M;FO;VH;4;A;-;-;-;-;-;-;-;-;-;-;-;-;-
601-650;601-650;TEMPLE UNIVERSITY;US;XL;FC;HI;5;A;-;-;-;-;-;-;-;-;-;-;-;-;-
601-650;601-650;THAMMASAT UNIVERSITY;TH;L;FC;MD;4;A;-;-;-;-;-;-;-;-;-;-;-;-;-
601-650;601-650;UNIVERSIDAD ADOLFO IBÁÑEZ;CL;M;FO;HI;4;B;-;-;-;-;-;-;-;-;-;-;-;-;-
601-650;551-600;UNIVERSIDAD CENTRAL DE VENEZUELA (UCV);VE;XL;FC;MD;5;A;-;-;-;-;-;-;-;-;-;-;-;-;-
601-650;651-700;UNIVERSIDAD DE ALCALÁ;ES;L;FC;HI;3;A;-;-;-;-;-;-;-;-;-;-;-;-;-
601-650;651-700;UNIVERSIDAD DE MONTEVIDEO;UY;S;FC;LO;2;B;-;-;-;-;-;-;-;-;-;-;-;-;-
601-650;601-650;UNIVERSIDAD TORCUATO DI TELLA;AR;S;SP;LO;2;B;-;-;-;-;-;-;-;-;-;-;-;-;-
601-650;441-450;UNIVERSITÉ DE SHERBROOKE;CA;XL;FC;HI;4;A;-;-;-;-;-;-;-;-;-;-;-;-;-
601-650;501-550;UNIVERSITÉ PANTHÉON-ASSAS (PARIS 2);FR;L;SP;LO;5;A;-;-;-;-;-;-;-;-;-;-;-;-;-
601-650;551-600;UNIVERSITÉ SAINT-JOSEPH DE BEYROUTH;LB;L;FC;MD;5;B;-;-;-;-;-;-;-;-;-;-;-;-;-
601-650;601-650;UNIVERSITY AT ALBANY SUNY;US;L;CO;VH;5;A;-;-;-;-;-;-;-;-;-;-;-;-;-
601-650;501-550;UNIVERSITY OF ALABAMA;US;XL;CO;VH;5;A;-;-;-;-;-;-;-;-;-;-;-;-;-
601-650;601-650;UNIVERSITY OF CALCUTTA;IN;L;CO;HI;5;A;-;-;-;-;-;-;-;-;-;-;-;-;-
601-650;601-650;UNIVERSITY OF DEBRECEN;HU;L;FC;HI;5;A;-;-;-;-;-;-;-;-;-;-;-;-;-
601-650;601-650;UNIVERSITY OF JOHANNESBURG ;ZA;L;CO;HI;2;A;-;-;-;-;-;-;-;-;-;-;-;-;-
601-650;651-700;UNIVERSITY OF JORDAN;JO;XL;FC;MD;4;A;-;-;-;-;-;-;-;-;-;-;-;-;-
601-650;501-550;UNIVERSITY OF MILANO-BICOCCA ;IT;XL;CO;VH;2;A;-;-;-;-;-;-;-;-;-;-;-;-;-
601-650;601-650;UNIVERSITY OF NEW HAMPSHIRE;US;M;CO;VH;5;A;-;-;-;-;-;-;-;-;-;-;-;-;-
601-650;601-650;UNIVERSITY OF PATRAS;GR;XL;FC;HI;4;A;-;-;-;-;-;-;-;-;-;-;-;-;-
601-650;;UNIVERSITY OF PORTSMOUTH;UK;L;CO;HI;;;-;-;-;-;-;-;-;-;-;-;-;-;-
601-650;601-650;UNIVERSITY OF SEOUL ;KR;M;CO;HI;4;A;-;-;-;-;-;-;-;-;-;-;-;-;-
601-650;551-600;UNIVERSITY OF SHARJAH;AE;L;CO;MD;2;B;-;-;-;-;-;-;-;-;-;-;-;-;-
601-650;551-600;URAL FEDERAL UNIVERSITY;RU;L;FO;VH;4;A;-;-;-;-;-;-;-;-;-;-;-;-;-
601-650;  701+;VICTORIA UNIVERSITY ;AU;L;CO;HI;4;A;-;-;-;-;-;-;-;-;-;-;-;-;-
601-650;501-550;YOKOHAMA CITY UNIVERSITY;JP;S;CO;VH;5;A;-;-;-;-;-;-;-;-;-;-;-;-;-
651-700;651-700;KASETSART UNIVERSITY;TH;XL;CO;HI;4;A;-;-;-;-;-;-;-;-;-;-;-;-;-
651-700;651-700;AJOU UNIVERSITY ;KR;M;FC;VH;3;B;-;-;-;-;-;-;-;-;-;-;-;-;-
651-700;651-700;BRIGHAM YOUNG UNIVERSITY;US;L;CO;VH;5;B;-;-;-;-;-;-;-;-;-;-;-;-;-
651-700;651-700;CHONNAM NATIONAL UNIVERSITY;KR;L;FC;HI;4;A;-;-;-;-;-;-;-;-;-;-;-;-;-
651-700;651-700;CHUNGNAM NATIONAL UNIVERSITY;KR;L;FC;HI;4;A;-;-;-;-;-;-;-;-;-;-;-;-;-
651-700;  701+;CLEMSON UNIVERSITY;US;L;CO;VH;5;A;-;-;-;-;-;-;-;-;-;-;-;-;-
651-700;;COMENIUS UNIVERSITY IN BRATISLAVA;SK;L;CO;HI;4;A;-;-;-;-;-;-;-;-;-;-;-;-;-
651-700;  701+;FAR EASTERN FEDERAL UNIVERSITY;RU;L;CO;HI;5;A;-;-;-;-;-;-;-;-;-;-;-;-;-
651-700;601-650;GEORGE MASON UNIVERSITY;US;L;CO;VH;3;A;-;-;-;-;-;-;-;-;-;-;-;-;-
651-700;  701+;GEORGIA STATE UNIVERSITY;US;L;CO;VH;5;A;-;-;-;-;-;-;-;-;-;-;-;-;-
651-700;601-650;HACETTEPE UNIVERSITY ;TR;XL;FC;HI;3;A;-;-;-;-;-;-;-;-;-;-;-;-;-
651-700;601-650;HOWARD UNIVERSITY;US;M;FC;HI;5;B;-;-;-;-;-;-;-;-;-;-;-;-;-
651-700;  701+;KHAZAR UNIVERSITY;AZ;S;FO;LO;2;;-;-;-;-;-;-;-;-;-;-;-;-;-
651-700;  701+;KING FAISAL UNIVERSITY;SA;XL;FO;HI;3;A;-;-;-;-;-;-;-;-;-;-;-;-;-
651-700;651-700;LEBANESE AMERICAN UNIVERSITY;LB;M;FC;MD;4;B;-;-;-;-;-;-;-;-;-;-;-;-;-
651-700;  701+;LONDON METROPOLITAN UNIVERSITY;UK;L;CO;MD;2;A;-;-;-;-;-;-;-;-;-;-;-;-;-
651-700;601-650;LOYOLA UNIVERSITY CHICAGO;US;L;FC;HI;5;B;-;-;-;-;-;-;-;-;-;-;-;-;-
651-700;651-700;MIDDLESEX UNIVERSITY;UK;L;CO;HI;3;A;-;-;-;-;-;-;-;-;-;-;-;-;-
651-700;601-650;NATIONAL CHENGCHI UNIVERSITY;TW;L;CO;HI;4;A;-;-;-;-;-;-;-;-;-;-;-;-;-
651-700;601-650;OSAKA CITY UNIVERSITY;JP;M;FC;HI;5;A;-;-;-;-;-;-;-;-;-;-;-;-;-
651-700;651-700;OSAKA PREFECTURE UNIVERSITY ;JP;M;CO;VH;4;A;-;-;-;-;-;-;-;-;-;-;-;-;-
651-700;N/A;QUAID-I-AZAM UNIVERSITY;PK;L;CO;HI;4;A;-;-;-;-;-;-;-;-;-;-;-;-;-
651-700;601-650;TOKYO UNIVERSITY OF SCIENCE;JP;L;FO;VH;4;B;-;-;-;-;-;-;-;-;-;-;-;-;-
651-700;601-650;UNIVERSIDAD ANAHUAC;MX;L;CO;LO;4;B;-;-;-;-;-;-;-;-;-;-;-;-;-
651-700;601-650;UNIVERSIDAD DE GUADALAJARA (UDG);MX;XL;FC;MD;5;A;-;-;-;-;-;-;-;-;-;-;-;-;-
651-700;  701+;UNIVERSIDAD DE LA REPÚBLICA (UDELAR);UY;XL;FC;MD;5;A;-;-;-;-;-;-;-;-;-;-;-;-;-
651-700;651-700;UNIVERSIDAD DIEGO PORTALES;CL;L;FC;MD;3;B;-;-;-;-;-;-;-;-;-;-;-;-;-
651-700;551-600;UNIVERSIDAD IBEROAMERICANA (UIA);MX;M;FC;MD;4;B;-;-;-;-;-;-;-;-;-;-;-;-;-
651-700;551-600;UNIVERSIDAD PANAMERICANA (UP);MX;M;FO;MD;3;B;-;-;-;-;-;-;-;-;-;-;-;-;-
651-700;601-650;UNIVERSIDADE CATOLICA PORTUGUESA, LISBOA;PT;M;FC;MD;3;B;-;-;-;-;-;-;-;-;-;-;-;-;-
651-700;  701+;UNIVERSIDADE DO ESTADO DO RIO DE JANEIRO (UERJ);BR;L;FC;HI;4;A;-;-;-;-;-;-;-;-;-;-;-;-;-
651-700;551-600;UNIVERSIDADE FEDERAL DE SÃO CARLOS;BR;L;FC;HI;3;A;-;-;-;-;-;-;-;-;-;-;-;-;-
651-700;601-650;UNIVERSITÀ DEGLI STUDI DI TRIESTE (UNITS);IT;L;FC;HI;4;A;-;-;-;-;-;-;-;-;-;-;-;-;-
651-700;551-600;UNIVERSITÉ DE LORRAINE ;FR;XL;CO;MD;5;A;-;-;-;-;-;-;-;-;-;-;-;-;-
651-700;651-700;UNIVERSITÉ DE NANTES;FR;XL;CO;HI;5;A;-;-;-;-;-;-;-;-;-;-;-;-;-
651-700;  701+;UNIVERSITY OF BAGHDAD;IQ;XL;FC;MD;4;A;-;-;-;-;-;-;-;-;-;-;-;-;-
651-700;651-700;UNIVERSITY OF BUCHAREST;RO;XL;FO;VH;5;A;-;-;-;-;-;-;-;-;-;-;-;-;-
651-700;651-700;UNIVERSITY OF DENVER;US;M;CO;VH;5;B;-;-;-;-;-;-;-;-;-;-;-;-;-
651-700;  701+;UNIVERSITY OF MACAU;MO;M;FO;VH;3;A;-;-;-;-;-;-;-;-;-;-;-;-;-
651-700;  701+;UNIVERSITY OF NEW ENGLAND ;AU;M;CO;VH;5;A;-;-;-;-;-;-;-;-;-;-;-;-;-
651-700;  701+;UNIVERSITY OF PLYMOUTH;UK;L;FC;HI;5;A;-;-;-;-;-;-;-;-;-;-;-;-;-
651-700;  701+;UNIVERSITY OF SALFORD;UK;L;CO;HI;3;A;-;-;-;-;-;-;-;-;-;-;-;-;-
651-700;651-700;UNIVERSITY OF ULSAN ;KR;L;FC;HI;3;B;-;-;-;-;-;-;-;-;-;-;-;-;-
651-700;651-700;UNIVERSITY OF WESTERN SYDNEY ;AU;XL;FC;HI;3;A;-;-;-;-;-;-;-;-;-;-;-;-;-
651-700;  701+;UNIVERSITY OF WINDSOR;CA;L;CO;HI;5;A;-;-;-;-;-;-;-;-;-;-;-;-;-
651-700;;UNIVERSITY OF WYOMING;US;M;CO;VH;5;;-;-;-;-;-;-;-;-;-;-;-;-;-
651-700;551-600;VIRGINIA COMMONWEALTH UNIVERSITY;US;L;FC;VH;5;A;-;-;-;-;-;-;-;-;-;-;-;-;-
651-700;651-700;WARSAW UNIVERSITY OF TECHNOLOGY;PL;XL;FO;VH;5;A;-;-;-;-;-;-;-;-;-;-;-;-;-
651-700;651-700;YOKOHAMA NATIONAL UNIVERSITY;JP;M;CO;VH;4;A;-;-;-;-;-;-;-;-;-;-;-;-;-
  701+;  701+;UNIVERSITY OF EAST LONDON;UK;L;CO;MD;5;A;-;-;-;-;-;-;-;-;-;-;-;-;-
  701+;651-700;ABU DHABI UNIVERSITY;AE;S;FO;MD;2;B;-;-;-;-;-;-;-;-;-;-;-;-;-
  701+;  701+;AIN SHAMS UNIVERSITY ;EG;XL;FC;HI;4;A;-;-;-;-;-;-;-;-;-;-;-;-;-
  701+;  701+;AIRLANGGA UNIVERSITY;ID;L;FC;LO;4;A;-;-;-;-;-;-;-;-;-;-;-;-;-
  701+;  701+;AL AZHAR UNIVERSITY ;EG;XL;CO;HI;5;A;-;-;-;-;-;-;-;-;-;-;-;-;-
  701+;  701+;ALEXANDRIA UNIVERSITY ;EG;XL;FC;HI;4;A;-;-;-;-;-;-;-;-;-;-;-;-;-
  701+;  701+;ALEXANDRU IOAN CUZA UNIVERSITY;RO;L;FO;VH;5;A;-;-;-;-;-;-;-;-;-;-;-;-;-
  701+;  701+;ALPEN-ADRIA-UNIVERSITÄT KLAGENFURT ;AT;M;FO;HI;3;A;-;-;-;-;-;-;-;-;-;-;-;-;-
  701+;  701+;ANKARA ÜNIVERSITESI;TR;XL;FC;HI;4;A;-;-;-;-;-;-;-;-;-;-;-;-;-
  701+;  701+;AOYAMA GAKUIN UNIVERSITY;JP;L;CO;MD;4;B;-;-;-;-;-;-;-;-;-;-;-;-;-
  701+;  701+;ATHENS UNIVERSITY OF ECONOMICS AND BUSINESS;GR;M;FO;VH;4;A;-;-;-;-;-;-;-;-;-;-;-;-;-
  701+;  701+;AUBURN UNIVERSITY;US;L;CO;VH;5;A;-;-;-;-;-;-;-;-;-;-;-;-;-
  701+;  701+;BABES-BOLYAI UNIVERSITY;RO;XL;CO;HI;5;A;-;-;-;-;-;-;-;-;-;-;-;-;-
  701+;  701+;BAKU STATE UNIVERSITY;AZ;L;FO;HI;4;A;-;-;-;-;-;-;-;-;-;-;-;-;-
  701+;  701+;BANARAS HINDU UNIVERSITY;IN;L;FC;HI;4;A;-;-;-;-;-;-;-;-;-;-;-;-;-
  701+;  701+;BAYLOR UNIVERSITY;US;L;CO;HI;5;B;-;-;-;-;-;-;-;-;-;-;-;-;-
  701+;  701+;BELARUSIAN NATIONAL TECHNICAL UNIVERSITY;BY;L;SP;LO;4;A;-;-;-;-;-;-;-;-;-;-;-;-;-
  701+;  701+;BENEMÉRITA UNIVERSIDAD AUTÓNOMA DE PUEBLA;MX;XL;FC;MD;5;A;-;-;-;-;-;-;-;-;-;-;-;-;-
  701+;  701+;BINGHAMTON UNIVERSITY SUNY;US;L;CO;HI;4;A;-;-;-;-;-;-;-;-;-;-;-;-;-
  701+;  701+;BOGOR AGRICULTURAL UNIVERSITY;ID;L;CO;MD;4;A;-;-;-;-;-;-;-;-;-;-;-;-;-
  701+;  701+;CHARLES STURT UNIVERSITY ;AU;L;CO;HI;5;A;-;-;-;-;-;-;-;-;-;-;-;-;-
  701+;  701+;CORVINUS UNIVERSITY OF BUDAPEST;HU;L;FO;HI;5;A;-;-;-;-;-;-;-;-;-;-;-;-;-
  701+;  701+;COVENTRY UNIVERSITY;UK;L;CO;HI;5;A;-;-;-;-;-;-;-;-;-;-;-;-;-
  701+;  701+;CUKUROVA UNIVERSITY;TR;XL;FC;MD;3;A;-;-;-;-;-;-;-;-;-;-;-;-;-
  701+;;DANKOOK UNIVERSITY ;KR;L;FC;HI;5;C;-;-;-;-;-;-;-;-;-;-;-;-;-
  701+;651-700;DE LA SALLE UNIVERSITY;PH;L;CO;MD;5;B;-;-;-;-;-;-;-;-;-;-;-;-;-
  701+;  701+;DIPONEGORO UNIVERSITY;ID;XL;FC;LO;4;A;-;-;-;-;-;-;-;-;-;-;-;-;-
  701+;  701+;DONETSK NATIONAL UNIVERSITY;UA;M;FO;HI;4;A;-;-;-;-;-;-;-;-;-;-;-;-;-
  701+;  701+;DOSHISHA UNIVERSITY;JP;L;CO;HI;5;B;-;-;-;-;-;-;-;-;-;-;-;-;-
  701+;  701+;E.A.BUKETOV KARAGANDA STATE UNIVERSITY ;KZ;M;FO;MD;4;A;-;-;-;-;-;-;-;-;-;-;-;-;-
  701+;  701+;EDITH COWAN UNIVERSITY (ECU);AU;L;CO;HI;5;A;-;-;-;-;-;-;-;-;-;-;-;-;-
  701+;  701+;FORDHAM UNIVERSITY;US;L;CO;HI;5;B;-;-;-;-;-;-;-;-;-;-;-;-;-
  701+;  701+;FU JEN CATHOLIC UNIVERSITY;TW;L;FC;MD;4;B;-;-;-;-;-;-;-;-;-;-;-;-;-
  701+;651-700;GIFU UNIVERSITY;JP;M;FC;HI;4;A;-;-;-;-;-;-;-;-;-;-;-;-;-
  701+;651-700;GUNMA UNIVERSITY;JP;M;FO;VH;4;A;-;-;-;-;-;-;-;-;-;-;-;-;-
  701+;651-700;HALLYM UNIVERSITY ;KR;M;FC;HI;3;B;-;-;-;-;-;-;-;-;-;-;-;-;-
  701+;601-650;ISTANBUL UNIVERSITY;TR;XL;FC;HI;5;A;-;-;-;-;-;-;-;-;-;-;-;-;-
  701+;  701+;KAGOSHIMA UNIVERSITY;JP;M;FC;HI;4;A;-;-;-;-;-;-;-;-;-;-;-;-;-
  701+;501-550;KANSAS STATE UNIVERSITY ;US;L;CO;VH;5;A;-;-;-;-;-;-;-;-;-;-;-;-;-
  701+;  701+;KAUNAS UNIVERSITY OF TECHNOLOGY;LT;M;FO;VH;4;A;-;-;-;-;-;-;-;-;-;-;-;-;-
  701+;  701+;KAZAKH ABLAI KHAN UNIVERSITY OF INTERNATIONAL RELATIONS AND WORLD LANGUAGES;KZ;M;SP;LO;4;A;-;-;-;-;-;-;-;-;-;-;-;-;-
  701+;651-700;KAZAKH-BRITISH TECHNICAL UNIVERSITY;KZ;S;FO;MD;2;A;-;-;-;-;-;-;-;-;-;-;-;-;-
  701+;;KENT STATE UNIVERSITY;US;L;;;5;;-;-;-;-;-;-;-;-;-;-;-;-;-
  701+;  701+;KHON KAEN UNIVERSITY;TH;XL;FC;MD;4;A;-;-;-;-;-;-;-;-;-;-;-;-;-
  701+;  701+;KING MONGKUT'S UNIVERSITY OF TECHNOLOGY THONBURI ;TH;L;CO;HI;4;A;-;-;-;-;-;-;-;-;-;-;-;-;-
  701+;;KONKUK UNIVERSITY ;KR;L;FC;HI;4;C;-;-;-;-;-;-;-;-;-;-;-;-;-
  701+;  701+;KUWAIT UNIVERSITY;KW;XL;FC;MD;3;A;-;-;-;-;-;-;-;-;-;-;-;-;-
  701+;  701+;LAHORE UNIVERSITY OF MANAGEMENT SCIENCES (LUMS);PK;S;CO;HI;3;B;-;-;-;-;-;-;-;-;-;-;-;-;-
  701+;  701+;LOBACHEVSKY STATE UNIVERSITY OF NIZHNI NOVGOROD;RU;L;FO;HI;4;A;-;-;-;-;-;-;-;-;-;-;-;-;-
  701+;  701+;LODZ UNIVERSITY;PL;XL;CO;HI;4;;-;-;-;-;-;-;-;-;-;-;-;-;-
  701+;651-700;M.O.AUEZOV SOUTH KAZAKHSTAN STATE UNIVERSITY;KZ;L;CO;LO;4;A;-;-;-;-;-;-;-;-;-;-;-;-;-
  701+;  701+;MAKERERE UNIVERSITY;UG;XL;FC;MD;4;A;-;-;-;-;-;-;-;-;-;-;-;-;-
  701+;  701+;MANCHESTER METROPOLITAN UNIVERSITY;UK;L;CO;HI;3;A;-;-;-;-;-;-;-;-;-;-;-;-;-
  701+;  701+;MARQUETTE UNIVERSITY;US;M;CO;VH;5;B;-;-;-;-;-;-;-;-;-;-;-;-;-
  701+;  701+;MIAMI UNIVERSITY;US;L;CO;HI;5;A;-;-;-;-;-;-;-;-;-;-;-;-;-
  701+;  701+;"NATIONAL TECHNICAL UNIVERSITY ""KHARKIV POLYTECHNIC INSTITUTE""";UA;L;FO;MD;5;A;-;-;-;-;-;-;-;-;-;-;-;-;-
  701+;  701+;"NATIONAL UNIVERSITY OF SCIENCE AND TECHNOLOGY ""MISIS""";RU;M;CO;HI;4;A;-;-;-;-;-;-;-;-;-;-;-;-;-
  701+;551-600;NEW JERSEY INSTITUTE OF TECHNOLOGY (NJIT);US;M;CO;VH;5;A;-;-;-;-;-;-;-;-;-;-;-;-;-
  701+;  701+;NICOLAUS COPERNICUS UNIVERSITY ;PL;L;FC;MD;4;A;-;-;-;-;-;-;-;-;-;-;-;-;-
  701+;651-700;NIIGATA UNIVERSITY;JP;L;FC;HI;4;A;-;-;-;-;-;-;-;-;-;-;-;-;-
  701+;  701+;NORTHUMBRIA UNIVERSITY AT NEWCASTLE;UK;L;CO;HI;3;A;-;-;-;-;-;-;-;-;-;-;-;-;-
  701+;;NORTH-WEST UNIVERSITY;ZA;XL;CO;HI;2;A;-;-;-;-;-;-;-;-;-;-;-;-;-
  701+;  701+;NOTTINGHAM TRENT UNIVERSITY;UK;L;CO;HI;5;A;-;-;-;-;-;-;-;-;-;-;-;-;-
  701+;  701+;OCHANOMIZU UNIVERSITY;JP;S;CO;HI;5;A;-;-;-;-;-;-;-;-;-;-;-;-;-
  701+;  701+;OHIO UNIVERSITY;US;L;CO;HI;5;A;-;-;-;-;-;-;-;-;-;-;-;-;-
  701+;  701+;OKLAHOMA STATE UNIVERSITY ;US;L;CO;VH;5;A;-;-;-;-;-;-;-;-;-;-;-;-;-
  701+;;PANJAB UNIVERSITY;IN;XL;FC;MD;5;A;-;-;-;-;-;-;-;-;-;-;-;-;-
  701+;  701+;PARIS LODRON UNIVERSITÄT SALZBURG;AT;L;CO;HI;5;A;-;-;-;-;-;-;-;-;-;-;-;-;-
  701+;  701+;PLEKHANOV RUSSIAN UNIVERSITY OF ECONOMICS;RU;L;SP;LO;5;A;-;-;-;-;-;-;-;-;-;-;-;-;-
  701+;  701+;PONTIFICIA UNIVERSIDAD CATOLICA DEL ECUADOR;EC;L;FC;LO;4;B;-;-;-;-;-;-;-;-;-;-;-;-;-
  701+;651-700;PONTIFICIA UNIVERSIDADE CATÓLICA DO RIO GRANDE DO SUL;BR;L;FC;MD;4;C;-;-;-;-;-;-;-;-;-;-;-;-;-
  701+;  701+;PRINCE OF SONGKLA UNIVERSITY;TH;XL;FC;MD;3;A;-;-;-;-;-;-;-;-;-;-;-;-;-
  701+;651-700;QAFQAZ UNIVERSITY ;AZ;S;CO;LO;2;;-;-;-;-;-;-;-;-;-;-;-;-;-
  701+;  701+;RITSUMEIKAN UNIVERSITY;JP;XL;CO;HI;5;B;-;-;-;-;-;-;-;-;-;-;-;-;-
  701+;  701+;RYERSON UNIVERSITY;CA;XL;CO;HI;4;A;-;-;-;-;-;-;-;-;-;-;-;-;-
  701+;  701+;S.SEIFULLIN KAZAKH AGRO TECHNICAL UNIVERSITY;KZ;M;FO;LO;4;A;-;-;-;-;-;-;-;-;-;-;-;-;-
  701+;  701+;SAITAMA UNIVERSITY;JP;M;CO;VH;4;A;-;-;-;-;-;-;-;-;-;-;-;-;-
  701+;;SAN DIEGO STATE UNIVERSITY;US;L;CO;VH;5;A;-;-;-;-;-;-;-;-;-;-;-;-;-
  701+;  701+;SEPULUH NOPEMBER INSTITUTE OF TECHNOLOGY;ID;L;SP;LO;4;A;-;-;-;-;-;-;-;-;-;-;-;-;-
  701+;  701+;SHINSHU UNIVERSITY ;JP;M;FC;VH;4;A;-;-;-;-;-;-;-;-;-;-;-;-;-
  701+;  701+;SMITH COLLEGE;US;S;CO;HI;5;B;-;-;-;-;-;-;-;-;-;-;-;-;-
  701+;651-700;"SOFIA UNIVERSITY ""ST. KLIMENT OHRIDSKI""";BG;L;CO;HI;5;A;-;-;-;-;-;-;-;-;-;-;-;-;-
  701+;651-700;SOUTHERN METHODIST UNIVERSITY;US;M;CO;HI;5;B;-;-;-;-;-;-;-;-;-;-;-;-;-
  701+;651-700;SUMY STATE UNIVERSITY;UA;M;CO;MD;2;A;-;-;-;-;-;-;-;-;-;-;-;-;-
  701+;  701+;THE ROBERT GORDON UNIVERSITY;UK;M;CO;HI;2;A;-;-;-;-;-;-;-;-;-;-;-;-;-
  701+;  701+;TOKAI UNIVERSITY;JP;L;FC;HI;4;B;-;-;-;-;-;-;-;-;-;-;-;-;-
  701+;  701+;UNIVERSIDAD AUSTRAL DE CHILE;CL;L;FC;MD;4;B;-;-;-;-;-;-;-;-;-;-;-;-;-
  701+;  701+;UNIVERSIDAD AUTÓNOMA DE NUEVO LEÓN (UANL);MX;XL;FC;MD;4;A;-;-;-;-;-;-;-;-;-;-;-;-;-
  701+;  701+;UNIVERSIDAD AUTÓNOMA DEL ESTADO DE MÉXICO;MX;XL;FC;MD;5;A;-;-;-;-;-;-;-;-;-;-;-;-;-
  701+;  701+;UNIVERSIDAD AUTÓNOMA METROPOLITANA (UAM);MX;XL;FC;HI;3;A;-;-;-;-;-;-;-;-;-;-;-;-;-
  701+;  701+;UNIVERSIDAD DE LA HABANA;CU;L;CO;MD;5;A;-;-;-;-;-;-;-;-;-;-;-;-;-
  701+;  701+;UNIVERSIDAD DE LA SABANA;CO;M;FC;MD;3;C;-;-;-;-;-;-;-;-;-;-;-;-;-
  701+;  701+;UNIVERSIDAD DE LAS AMÉRICAS PUEBLA (UDLAP);MX;M;FC;MD;4;B;-;-;-;-;-;-;-;-;-;-;-;-;-
  701+;  701+;UNIVERSIDAD DE LOS ANDES MÉRIDA;VE;XL;FC;MD;5;A;-;-;-;-;-;-;-;-;-;-;-;-;-
  701+;;UNIVERSIDAD DE MONTERREY;MX;M;SP;;3;A;-;-;-;-;-;-;-;-;-;-;-;-;-
  701+;  701+;UNIVERSIDAD DE MURCIA;ES;L;FC;HI;5;A;-;-;-;-;-;-;-;-;-;-;-;-;-
  701+;  701+;UNIVERSIDAD DE PUERTO RICO;PR;XL;FC;MD;5;A;-;-;-;-;-;-;-;-;-;-;-;-;-
  701+;  701+;UNIVERSIDAD DE SAN FRANCISCO DE QUITO;EC;M;FC;LO;3;B;-;-;-;-;-;-;-;-;-;-;-;-;-
  701+;  701+;UNIVERSIDAD DE TALCA;CL;M;CO;HI;3;A;-;-;-;-;-;-;-;-;-;-;-;-;-
  701+;  701+;UNIVERSIDAD DE VALPARAÍSO;CL;L;FC;MD;3;A;-;-;-;-;-;-;-;-;-;-;-;-;-
  701+;  701+;UNIVERSIDAD DEL NORTE;CO;M;FC;MD;3;C;-;-;-;-;-;-;-;-;-;-;-;-;-
  701+;  701+;UNIVERSIDAD DEL ROSARIO;CO;M;CO;MD;5;B;-;-;-;-;-;-;-;-;-;-;-;-;-
  701+;  701+;UNIVERSIDAD DEL VALLE;CO;L;FC;MD;4;A;-;-;-;-;-;-;-;-;-;-;-;-;-
  701+;  701+;UNIVERSIDAD INDUSTRIAL DE SANTANDER;CO;L;FC;MD;4;A;-;-;-;-;-;-;-;-;-;-;-;-;-
  701+;;UNIVERSIDAD LATINOAMERICANA DE CIENCIA Y TECNOLOGÍA COSTA RICA (ULACIT);CR;S;CO;LO;3;C;-;-;-;-;-;-;-;-;-;-;-;-;-
  701+;;UNIVERSIDAD METROPOLITANA;VE;M;CO;LO;3;B;-;-;-;-;-;-;-;-;-;-;-;-;-
  701+;  701+;UNIVERSIDAD NACIONAL COSTA RICA;CR;L;CO;MD;3;A;-;-;-;-;-;-;-;-;-;-;-;-;-
  701+;  701+;UNIVERSIDAD NACIONAL DE CUYO;AR;XL;FC;MD;4;A;-;-;-;-;-;-;-;-;-;-;-;-;-
  701+;  701+;UNIVERSIDAD NACIONAL DE MAR DEL PLATA;AR;L;CO;HI;3;A;-;-;-;-;-;-;-;-;-;-;-;-;-
  701+;  701+;UNIVERSIDAD NACIONAL DE ROSARIO;AR;XL;FC;MD;3;A;-;-;-;-;-;-;-;-;-;-;-;-;-
  701+;  701+;UNIVERSIDAD NACIONAL DE TUCUMÁN;AR;XL;FC;MD;5;A;-;-;-;-;-;-;-;-;-;-;-;-;-
  701+;  701+;UNIVERSIDAD NACIONAL DEL SUR;AR;L;FC;MD;4;A;-;-;-;-;-;-;-;-;-;-;-;-;-
  701+;  701+;UNIVERSIDAD NACIONAL MAYOR DE SAN MARCOS;PE;L;FC;MD;5;A;-;-;-;-;-;-;-;-;-;-;-;-;-
  701+;601-650;UNIVERSIDAD PERUANA CAYETANO HEREDIA;PE;M;FO;HI;4;B;-;-;-;-;-;-;-;-;-;-;-;-;-
  701+;601-650;UNIVERSIDAD SIMÓN BOLÍVAR VENEZUELA;VE;M;FO;VH;3;A;-;-;-;-;-;-;-;-;-;-;-;-;-
  701+;  701+;UNIVERSIDAD TÉCNICA FEDERICO SANTA MARÍA;CL;L;FO;HI;4;B;-;-;-;-;-;-;-;-;-;-;-;-;-
  701+;  701+;UNIVERSIDAD TECNOLÓGICA NACIONAL (UTN);AR;XL;FO;MD;4;A;-;-;-;-;-;-;-;-;-;-;-;-;-
  701+;  701+;UNIVERSIDADE ESTADUAL DE LONDRINA;BR;L;FC;HI;3;A;-;-;-;-;-;-;-;-;-;-;-;-;-
  701+;601-650;UNIVERSIDADE FEDERAL DA BAHIA;BR;L;FC;HI;4;A;-;-;-;-;-;-;-;-;-;-;-;-;-
  701+;651-700;UNIVERSIDADE FEDERAL DE SANTA CATARINA;BR;XL;FC;HI;4;A;-;-;-;-;-;-;-;-;-;-;-;-;-
  701+;  701+;UNIVERSIDADE FEDERAL DE SANTA MARIA;BR;L;FC;HI;4;A;-;-;-;-;-;-;-;-;-;-;-;-;-
  701+;  701+;UNIVERSIDADE FEDERAL DE VIÇOSA;BR;L;FC;HI;4;A;-;-;-;-;-;-;-;-;-;-;-;-;-
  701+;  701+;UNIVERSIDADE FEDERAL DO CEARÁ (UFC);BR;L;FC;HI;4;A;-;-;-;-;-;-;-;-;-;-;-;-;-
  701+;651-700;UNIVERSIDADE FEDERAL DO PARANÁ (UFPR);BR;XL;FC;HI;5;A;-;-;-;-;-;-;-;-;-;-;-;-;-
  701+;  701+;UNIVERSIDADE FEDERAL DO PERNAMBUCO;BR;XL;FC;HI;4;A;-;-;-;-;-;-;-;-;-;-;-;-;-
  701+;  701+;UNIVERSIDADE FEDERAL FLUMINENSE;BR;L;FC;HI;4;A;-;-;-;-;-;-;-;-;-;-;-;-;-
  701+;  701+;UNIVERSITÀ CA' FOSCARI VENEZIA;IT;L;FO;HI;5;A;-;-;-;-;-;-;-;-;-;-;-;-;-
  701+;  701+;UNIVERSITÀ DEGLI STUDI DI CATANIA (UNICT);IT;XL;FC;HI;5;A;-;-;-;-;-;-;-;-;-;-;-;-;-
  701+;551-600;UNIVERSITÀ DEGLI STUDI DI GENOVA;IT;XL;FC;HI;5;A;-;-;-;-;-;-;-;-;-;-;-;-;-
  701+;601-650;UNIVERSITÀ DEGLI STUDI DI MODENA E REGGIO EMILIA;IT;L;FC;HI;5;A;-;-;-;-;-;-;-;-;-;-;-;-;-
  701+;551-600;UNIVERSITÀ DEGLI STUDI DI PERUGIA;IT;L;FC;HI;5;A;-;-;-;-;-;-;-;-;-;-;-;-;-
  701+;471-480;UNIVERSITÀ DEGLI STUDI DI SIENA (UNISI);IT;L;FC;HI;5;A;-;-;-;-;-;-;-;-;-;-;-;-;-
  701+;  701+;UNIVERSITÀ DEGLI STUDI ROMA TRE;IT;XL;CO;HI;2;A;-;-;-;-;-;-;-;-;-;-;-;-;-
  701+;;UNIVERSITAS MUHAMMADIYAH SURAKARTA;ID;L;FO;LO;3;C;-;-;-;-;-;-;-;-;-;-;-;-;-
  701+;  701+;UNIVERSITÉ CHARLES-DE-GAULLE LILLE 3;FR;L;FO;MD;5;A;-;-;-;-;-;-;-;-;-;-;-;-;-
  701+;  701+;UNIVERSITÉ DE CAEN BASSE-NORMANDIE;FR;L;FC;HI;5;A;-;-;-;-;-;-;-;-;-;-;-;-;-
  701+;  701+;UNIVERSITÉ DE CERGY-PONTOISE;FR;L;CO;HI;2;A;-;-;-;-;-;-;-;-;-;-;-;-;-
  701+;  701+;UNIVERSITÉ DE POITIERS;FR;L;CO;HI;5;A;-;-;-;-;-;-;-;-;-;-;-;-;-
  701+;  701+;UNIVERSITÉ JEAN MOULIN LYON 3;FR;L;SP;LO;5;A;-;-;-;-;-;-;-;-;-;-;-;-;-
  701+;  701+;UNIVERSITÉ LILLE 2 DROIT ET SANTÉ;FR;L;FO;HI;5;A;-;-;-;-;-;-;-;-;-;-;-;-;-
  701+;651-700;UNIVERSITÉ LUMIÈRE LYON 2;FR;L;SP;HI;5;A;-;-;-;-;-;-;-;-;-;-;-;-;-
  701+;  701+;UNIVERSITÉ PARIS OUEST NANTERRE LA DÉFENSE;FR;XL;FO;HI;5;A;-;-;-;-;-;-;-;-;-;-;-;-;-
  701+;  701+;UNIVERSITÉ PAUL-VALÉRY MONTPELLIER 3;FR;L;FO;MD;5;A;-;-;-;-;-;-;-;-;-;-;-;-;-
  701+;  701+;UNIVERSITÉ PIERRE MENDÈS FRANCE - GRENOBLE 2;FR;L;FO;MD;5;A;-;-;-;-;-;-;-;-;-;-;-;-;-
  701+;  701+;UNIVERSITÉ STENDHAL GRENOBLE 3;FR;M;SP;LO;5;A;-;-;-;-;-;-;-;-;-;-;-;-;-
  701+;  701+;UNIVERSITÉ TOULOUSE 1, CAPITOLE;FR;L;FO;MD;5;A;-;-;-;-;-;-;-;-;-;-;-;-;-
  701+;651-700;UNIVERSITI TEKNOLOGI MARA (UITM);MY;XL;CO;VH;4;A;-;-;-;-;-;-;-;-;-;-;-;-;-
  701+;;UNIVERSITI UTARA MALAYSIA (UUM);MY;L;SP;VH;3;A;-;-;-;-;-;-;-;-;-;-;-;-;-
  701+;  701+;UNIVERSITY OF ARKANSAS;US;L;CO;HI;5;A;-;-;-;-;-;-;-;-;-;-;-;-;-
  701+;  701+;UNIVERSITY OF BAHRAIN;BH;L;CO;MD;3;A;-;-;-;-;-;-;-;-;-;-;-;-;-
  701+;  701+;UNIVERSITY OF BARI;IT;XL;FC;HI;4;A;-;-;-;-;-;-;-;-;-;-;-;-;-
  701+;  701+;UNIVERSITY OF BELGRADE;RS;XL;FC;VH;5;A;-;-;-;-;-;-;-;-;-;-;-;-;-
  701+;  701+;UNIVERSITY OF BRAWIJAYA ;ID;XL;FC;LO;4;A;-;-;-;-;-;-;-;-;-;-;-;-;-
  701+;651-700;UNIVERSITY OF BRESCIA;IT;L;FO;VH;3;A;-;-;-;-;-;-;-;-;-;-;-;-;-
  701+;;UNIVERSITY OF CENTRAL FLORIDA;US;XL;FC;HI;4;A;-;-;-;-;-;-;-;-;-;-;-;-;-
  701+;  701+;UNIVERSITY OF CENTRAL LANCASHIRE;UK;L;CO;HI;5;A;-;-;-;-;-;-;-;-;-;-;-;-;-
  701+;  701+;UNIVERSITY OF COLOMBO;LK;L;CO;MD;5;A;-;-;-;-;-;-;-;-;-;-;-;-;-
  701+;  701+;UNIVERSITY OF DAR ES SALAAM;TZ;L;CO;MD;3;A;-;-;-;-;-;-;-;-;-;-;-;-;-
  701+;  701+;UNIVERSITY OF DHAKA;BD;XL;FC;MD;4;A;-;-;-;-;-;-;-;-;-;-;-;-;-
  701+;  701+;UNIVERSITY OF ENGINEERING & TECHNOLOGY (UET) LAHORE;PK;L;FO;HI;4;A;-;-;-;-;-;-;-;-;-;-;-;-;-
  701+;  701+;UNIVERSITY OF GHANA;GH;XL;FC;MD;4;A;-;-;-;-;-;-;-;-;-;-;-;-;-
  701+;  701+;UNIVERSITY OF GREENWICH;UK;L;CO;HI;5;A;-;-;-;-;-;-;-;-;-;-;-;-;-
  701+;  701+;UNIVERSITY OF HAIFA;IL;L;FO;LO;4;A;-;-;-;-;-;-;-;-;-;-;-;-;-
  701+;  701+;UNIVERSITY OF HERTFORDSHIRE;UK;L;CO;HI;4;A;-;-;-;-;-;-;-;-;-;-;-;-;-
  701+;  701+;UNIVERSITY OF HUDDERSFIELD;UK;L;CO;HI;5;A;-;-;-;-;-;-;-;-;-;-;-;-;-
  701+;  701+;UNIVERSITY OF KARACHI;PK;L;CO;HI;4;A;-;-;-;-;-;-;-;-;-;-;-;-;-
  701+;  701+;UNIVERSITY OF LAHORE;PK;L;FO;MD;2;B;-;-;-;-;-;-;-;-;-;-;-;-;-
  701+;  701+;UNIVERSITY OF LATVIA;LV;L;FC;MD;4;A;-;-;-;-;-;-;-;-;-;-;-;-;-
  701+;;UNIVERSITY OF MONTANA MISSOULA ;US;M;;;5;;-;-;-;-;-;-;-;-;-;-;-;-;-
  701+;551-600;UNIVERSITY OF MUMBAI;IN;XL;FC;MD;5;A;-;-;-;-;-;-;-;-;-;-;-;-;-
  701+;  701+;UNIVERSITY OF NAIROBI;KE;L;FC;MD;3;A;-;-;-;-;-;-;-;-;-;-;-;-;-
  701+;  701+;UNIVERSITY OF PUNE;IN;XL;CO;HI;4;A;-;-;-;-;-;-;-;-;-;-;-;-;-
  701+;  701+;UNIVERSITY OF SAN DIEGO;US;M;CO;HI;4;B;-;-;-;-;-;-;-;-;-;-;-;-;-
  701+;  701+;UNIVERSITY OF SAN FRANCISCO;US;M;CO;HI;5;B;-;-;-;-;-;-;-;-;-;-;-;-;-
  701+;  701+;UNIVERSITY OF SANTO TOMAS;PH;XL;FC;LO;5;B;-;-;-;-;-;-;-;-;-;-;-;-;-
  701+;  701+;UNIVERSITY OF SOUTHERN QUEENSLAND ;AU;L;CO;HI;3;A;-;-;-;-;-;-;-;-;-;-;-;-;-
  701+;  701+;UNIVERSITY OF THE PACIFIC;US;M;CO;HI;5;B;-;-;-;-;-;-;-;-;-;-;-;-;-
  701+;;UNIVERSITY OF THE WESTERN CAPE;ZA;L;CO;HI;4;A;-;-;-;-;-;-;-;-;-;-;-;-;-
  701+;  701+;UNIVERSITY OF TULSA;US;S;CO;VH;5;B;-;-;-;-;-;-;-;-;-;-;-;-;-
  701+;  701+;UNIVERSITY OF WROCLAW;PL;L;CO;HI;4;A;-;-;-;-;-;-;-;-;-;-;-;-;-
  701+;601-650;UNIVERSITY OF ZAGREB;HR;XL;FC;VH;5;A;-;-;-;-;-;-;-;-;-;-;-;-;-
  701+;  701+;UNIVERSITY TOULOUSE – JEAN JAURÈS;FR;L;FO;HI;5;A;-;-;-;-;-;-;-;-;-;-;-;-;-
  701+;;UTAH STATE UNIVERSITY ;US;L;CO;VH;5;A;-;-;-;-;-;-;-;-;-;-;-;-;-
  701+;  701+;VERONA UNIVERSITY;IT;L;FC;HI;3;A;-;-;-;-;-;-;-;-;-;-;-;-;-
  701+;  701+;VILNIUS GEDIMINAS TECHNICAL UNIVERSITY;LT;M;SP;HI;4;A;-;-;-;-;-;-;-;-;-;-;-;-;-
  701+;  701+;VORONEZH STATE UNIVERSITY;RU;L;CO;MD;4;A;-;-;-;-;-;-;-;-;-;-;-;-;-
  701+;  701+;VYTAUTAS MAGNUS UNIVERSITY;LT;M;FO;HI;4;A;-;-;-;-;-;-;-;-;-;-;-;-;-
  701+;  701+;WEST UNIVERSITY OF TIMISOARA;RO;L;FO;HI;4;A;-;-;-;-;-;-;-;-;-;-;-;-;-
  701+;  701+;YAMAGUCHI UNIVERSITY ;JP;M;FC;HI;4;A;-;-;-;-;-;-;-;-;-;-;-;-;-
